{"type":"FeatureCollection","features":[{"type":"Feature","geometry":{"type":"Polygon","coordinates":[[[106.0012,21.0003],[106.0058,20.9985],[106.0113,20.9988],[106.0124,21.0023],[106.0171,21.0015],[106.0183,20.9973],[106.0226,20.9944],[106.0285,20.9931],[106.0374,20.9985],[106.042,21.0036],[106.0469,21.004],[106.0511,21.007],[106.0596,21.0003],[106.0658,21.0011],[106.077,20.9954],[106.0825,20.9983],[106.084,21.0047],[106.0898,21.0071],[106.1021,20.9973],[106.1092,20.9997],[106.1157,20.9957],[106.1152,20.9834],[106.12,20.9849],[106.1274,20.9837],[106.1319,20.9993],[106.1381,21.0013],[106.1462,20.9944],[106.151,20.9888],[106.1571,20.9882],[106.1594,20.9902],[106.1695,20.9848],[106.1632,20.9755],[106.1688,20.97],[106.1747,20.9754],[106.188,20.9809],[106.1918,20.9791],[106.203,20.9833],[106.2096,20.9845],[106.2153,20.9888],[106.2203,20.9896],[106.2205,20.9958],[106.2264,20.994],[106.2334,20.9955],[106.2403,20.9918],[106.2448,20.9914],[106.2463,20.9977],[106.2529,20.9965],[106.2594,20.99],[106.267,20.9878],[106.273,20.9917],[106.272,20.999],[106.2733,21.0036],[106.2795,21.0096],[106.2933,21.0186],[106.2952,21.0253],[106.292,21.0348],[106.2927,21.0395],[106.3021,21.0491],[106.3067,21.0526],[106.3106,21.0589],[106.3038,21.0696],[106.3023,21.0737],[106.3025,21.0857],[106.2957,21.1051],[106.2959,21.1141],[106.2984,21.1206],[106.3052,21.1265],[106.3117,21.1289],[106.3175,21.1358],[106.3216,21.1432],[106.3229,21.1532],[106.3212,21.1585],[106.3155,21.1673],[106.3102,21.1786],[106.3091,21.1848],[106.3105,21.19],[106.3148,21.1934],[106.3246,21.1922],[106.3228,21.1847],[106.3307,21.1814],[106.332,21.1748],[106.3364,21.1724],[106.3452,21.1716],[106.3478,21.1735],[106.3516,21.1711],[106.3562,21.1728],[106.3604,21.1715],[106.3651,21.1744],[106.3643,21.1788],[106.371,21.1843],[106.3735,21.1892],[106.3741,21.1954],[106.3824,21.1959],[106.3888,21.1978],[106.3934,21.203],[106.4012,21.2043],[106.4125,21.2078],[106.4151,21.2134],[106.4174,21.2231],[106.4227,21.2234],[106.4258,21.2317],[106.4319,21.2312],[106.4347,21.2286],[106.4437,21.2288],[106.4463,21.2311],[106.4524,21.2305],[106.4556,21.2327],[106.4584,21.2293],[106.4659,21.226],[106.4743,21.2304],[106.481,21.2284],[106.4873,21.2287],[106.4988,21.2274],[106.5019,21.2244],[106.5073,21.2218],[106.5124,21.2216],[106.5194,21.2251],[106.5294,21.2226],[106.5304,21.2182],[106.5336,21.2141],[106.5361,21.2057],[106.5413,21.1967],[106.5425,21.1924],[106.5462,21.191],[106.5561,21.1945],[106.5638,21.1916],[106.5678,21.1888],[106.5799,21.1924],[106.5876,21.1882],[106.5909,21.1838],[106.5888,21.1781],[106.605,21.1797],[106.6087,21.1757],[106.6097,21.1702],[106.6203,21.1721],[106.6255,21.1709],[106.631,21.1719],[106.6403,21.1715],[106.6411,21.1805],[106.6534,21.1734],[106.6564,21.1742],[106.6715,21.17],[106.6799,21.1698],[106.682,21.1666],[106.6964,21.1703],[106.7025,21.1669],[106.7065,21.1684],[106.7151,21.1607],[106.7216,21.1619],[106.7249,21.159],[106.733,21.1612],[106.7438,21.1568],[106.7577,21.1552],[106.7671,21.1558],[106.7692,21.1524],[106.7853,21.1513],[106.7949,21.1491],[106.8048,21.1546],[106.8128,21.1538],[106.8189,21.1563],[106.8332,21.1525],[106.827,21.1626],[106.826,21.1665],[106.8272,21.1784],[106.8254,21.1822],[106.8254,21.1882],[106.8408,21.186],[106.8509,21.1886],[106.8569,21.1882],[106.8588,21.1784],[106.863,21.1754],[106.8738,21.1739],[106.8804,21.1827],[106.8837,21.1836],[106.8926,21.1789],[106.9043,21.1829],[106.9163,21.1844],[106.9232,21.1771],[106.9305,21.1707],[106.9358,21.1689],[106.9376,21.172],[106.9427,21.1733],[106.9458,21.1798],[106.9474,21.1885],[106.9554,21.1902],[106.9562,21.2064],[106.9626,21.2102],[106.9691,21.2235],[106.9783,21.2264],[106.9762,21.2299],[106.9779,21.2336],[106.9772,21.2395],[106.9814,21.2444],[106.9813,21.2491],[106.9858,21.2569],[106.984,21.2654],[106.9757,21.2708],[106.9743,21.2748],[106.9749,21.2801],[106.9725,21.284],[106.9837,21.2921],[106.9931,21.2932],[106.9999,21.2954],[107.0032,21.2933],[107.0104,21.295],[107.0157,21.2989],[107.02,21.2992],[107.0263,21.3071],[107.0307,21.3095],[107.0337,21.3143],[107.0334,21.3219],[107.032,21.3251],[107.0218,21.3315],[107.023,21.3356],[107.0139,21.3449],[107.0078,21.3496],[107.0026,21.3506],[106.9982,21.3556],[106.9883,21.3586],[106.9874,21.3607],[106.9915,21.3683],[106.9908,21.3736],[106.9932,21.3777],[106.9927,21.3818],[106.9865,21.3909],[106.9857,21.4021],[106.9922,21.4094],[106.9916,21.4132],[106.995,21.4169],[107.0019,21.419],[107.0038,21.4217],[106.9946,21.43],[106.9918,21.4307],[106.9909,21.4364],[106.9868,21.4395],[106.9806,21.4391],[106.978,21.4373],[106.9688,21.4361],[106.9596,21.4248],[106.9538,21.4234],[106.9498,21.4259],[106.9456,21.4346],[106.9406,21.4348],[106.9289,21.4257],[106.9305,21.4333],[106.9288,21.44],[106.9264,21.441],[106.9209,21.436],[106.9172,21.4308],[106.911,21.4306],[106.9032,21.4402],[106.8962,21.4442],[106.8914,21.4514],[106.8923,21.4595],[106.8988,21.4635],[106.9025,21.4704],[106.8988,21.4747],[106.8938,21.4759],[106.8891,21.4826],[106.8904,21.4895],[106.8785,21.4957],[106.8676,21.4975],[106.8614,21.4957],[106.8531,21.4963],[106.8508,21.4988],[106.8449,21.4936],[106.8419,21.5047],[106.8389,21.5085],[106.8399,21.5125],[106.8507,21.5169],[106.8503,21.5224],[106.8553,21.5236],[106.8603,21.5227],[106.8647,21.5274],[106.8643,21.5348],[106.8582,21.5389],[106.8522,21.5399],[106.8479,21.5538],[106.8433,21.5597],[106.8323,21.5613],[106.8275,21.5603],[106.8201,21.5625],[106.8063,21.5589],[106.7996,21.5619],[106.7967,21.5652],[106.7926,21.566],[106.7841,21.5759],[106.771,21.5714],[106.7645,21.5727],[106.7566,21.5672],[106.7585,21.5524],[106.7603,21.5504],[106.759,21.5445],[106.7555,21.5409],[106.7434,21.5415],[106.7338,21.5451],[106.7334,21.5489],[106.7261,21.5555],[106.7191,21.5576],[106.7172,21.5598],[106.7102,21.5608],[106.7056,21.5677],[106.7005,21.5708],[106.699,21.5743],[106.7022,21.582],[106.7019,21.5937],[106.6913,21.5974],[106.6837,21.6023],[106.6779,21.6027],[106.6703,21.6087],[106.6631,21.6046],[106.6591,21.6056],[106.6526,21.6031],[106.6456,21.6065],[106.6434,21.6038],[106.637,21.6008],[106.6268,21.6027],[106.624,21.6057],[106.6153,21.6078],[106.6065,21.603],[106.604,21.6033],[106.5961,21.5992],[106.5836,21.5989],[106.5708,21.6025],[106.5699,21.5995],[106.5639,21.5945],[106.5582,21.5944],[106.5521,21.589],[106.5523,21.5828],[106.548,21.5782],[106.544,21.5765],[106.5422,21.5701],[106.5355,21.5631],[106.5309,21.5627],[106.5274,21.5577],[106.5267,21.5454],[106.5239,21.5384],[106.5186,21.5318],[106.5147,21.5315],[106.5087,21.5262],[106.5074,21.5208],[106.5136,21.5131],[106.5213,21.4996],[106.5178,21.4948],[106.5095,21.4867],[106.4948,21.4831],[106.4927,21.474],[106.4897,21.4719],[106.4878,21.4669],[106.4884,21.4621],[106.4851,21.458],[106.4827,21.4487],[106.4728,21.4476],[106.4717,21.4422],[106.4658,21.4373],[106.4519,21.4387],[106.4506,21.4361],[106.4433,21.4365],[106.4395,21.4435],[106.4349,21.4424],[106.4331,21.438],[106.4281,21.44],[106.4175,21.4373],[106.4141,21.4322],[106.406,21.4292],[106.4048,21.4255],[106.4084,21.4194],[106.4143,21.4174],[106.4158,21.4079],[106.4123,21.4057],[106.405,21.4042],[106.3958,21.4054],[106.3857,21.3967],[106.3784,21.394],[106.3717,21.3947],[106.3672,21.399],[106.3615,21.3958],[106.3546,21.3972],[106.3511,21.3958],[106.348,21.4001],[106.3406,21.3972],[106.3346,21.4042],[106.3242,21.4104],[106.3241,21.4139],[106.3271,21.418],[106.3251,21.4243],[106.3277,21.4259],[106.3326,21.4342],[106.3331,21.4377],[106.3287,21.4414],[106.3294,21.4464],[106.3259,21.4482],[106.315,21.4449],[106.3121,21.4514],[106.31,21.4518],[106.304,21.448],[106.3059,21.4422],[106.2947,21.4432],[106.2849,21.4525],[106.2833,21.456],[106.2866,21.4668],[106.2864,21.4712],[106.2825,21.4723],[106.2851,21.4792],[106.2855,21.4904],[106.2793,21.4911],[106.2734,21.4937],[106.2684,21.4899],[106.2646,21.4917],[106.2559,21.4868],[106.2496,21.4873],[106.2467,21.485],[106.2418,21.4864],[106.237,21.495],[106.2262,21.4955],[106.2209,21.4969],[106.212,21.4967],[106.2058,21.5002],[106.1986,21.5008],[106.1903,21.5059],[106.1827,21.5087],[106.1744,21.5092],[106.1687,21.5124],[106.1677,21.5213],[106.1702,21.5356],[106.1676,21.5395],[106.1676,21.5437],[106.1709,21.5495],[106.1688,21.5528],[106.1679,21.5607],[106.1693,21.5645],[106.1698,21.573],[106.1674,21.5763],[106.1706,21.5857],[106.1708,21.5922],[106.1693,21.5957],[106.1772,21.5981],[106.1773,21.6],[106.1852,21.6043],[106.1733,21.6102],[106.1696,21.6165],[106.1624,21.6248],[106.1587,21.6261],[106.1545,21.6239],[106.1455,21.6223],[106.1421,21.623],[106.1356,21.6179],[106.127,21.6161],[106.1169,21.617],[106.1072,21.6223],[106.1016,21.622],[106.0999,21.6248],[106.094,21.6247],[106.0779,21.6173],[106.076,21.6126],[106.0715,21.6105],[106.0673,21.6046],[106.0594,21.6043],[106.0516,21.5923],[106.0513,21.5877],[106.0486,21.5811],[106.0416,21.5755],[106.0349,21.5718],[106.0321,21.5662],[106.036,21.5613],[106.0479,21.5588],[106.0505,21.5523],[106.0552,21.5481],[106.0505,21.5457],[106.0537,21.5387],[106.0509,21.5335],[106.0476,21.5309],[106.0442,21.5218],[106.0454,21.5088],[106.043,21.4987],[106.0378,21.4902],[106.0413,21.4863],[106.0479,21.4817],[106.0455,21.4751],[106.0409,21.4732],[106.0406,21.4704],[106.0437,21.4638],[106.0459,21.4648],[106.0512,21.4604],[106.0505,21.4548],[106.0472,21.4476],[106.0459,21.4418],[106.0381,21.4382],[106.032,21.438],[106.0267,21.4336],[106.0267,21.4289],[106.031,21.4253],[106.033,21.4188],[106.0321,21.4136],[106.0344,21.4083],[106.0312,21.4069],[106.0274,21.3994],[106.0285,21.3941],[106.0201,21.3955],[106.0189,21.4011],[106.0131,21.4028],[106.0082,21.4061],[106.0026,21.4065],[105.9998,21.4044],[105.9963,21.4081],[105.9907,21.4102],[105.9867,21.4141],[105.9792,21.4136],[105.9753,21.4195],[105.9721,21.42],[105.9678,21.4311],[105.9627,21.4369],[105.9576,21.4322],[105.9584,21.4216],[105.9545,21.4136],[105.9565,21.4074],[105.9442,21.4],[105.9401,21.3965],[105.9449,21.392],[105.9435,21.3775],[105.9398,21.3722],[105.9364,21.3714],[105.9231,21.3749],[105.9166,21.3727],[105.9128,21.376],[105.909,21.3742],[105.9046,21.3633],[105.9004,21.356],[105.8956,21.3511],[105.8994,21.3497],[105.904,21.3522],[105.9085,21.3517],[105.9044,21.3454],[105.8969,21.3431],[105.8865,21.346],[105.8813,21.3388],[105.8812,21.3358],[105.8854,21.3328],[105.8879,21.3281],[105.8928,21.3265],[105.8992,21.3249],[105.8986,21.3148],[105.8972,21.3076],[105.901,21.304],[105.908,21.3015],[105.915,21.3054],[105.9175,21.3041],[105.9153,21.2978],[105.9187,21.2941],[105.9284,21.2954],[105.9299,21.2912],[105.9232,21.2876],[105.9222,21.2821],[105.9222,21.2726],[105.9236,21.2683],[105.9384,21.2472],[105.934,21.2454],[105.9263,21.2447],[105.9269,21.2385],[105.9154,21.2322],[105.9089,21.231],[105.9042,21.2274],[105.9089,21.2248],[105.9145,21.2182],[105.9148,21.2082],[105.9103,21.2059],[105.9134,21.2027],[105.9043,21.1992],[105.9071,21.1924],[105.9122,21.1923],[105.9152,21.1873],[105.9237,21.1827],[105.9202,21.1783],[105.9212,21.1737],[105.9169,21.1716],[105.9193,21.1632],[105.9229,21.1617],[105.9195,21.1554],[105.9234,21.1473],[105.9256,21.147],[105.9263,21.1403],[105.9178,21.132],[105.9193,21.1299],[105.9128,21.1265],[105.9156,21.119],[105.9294,21.1126],[105.9364,21.1016],[105.9346,21.0966],[105.9381,21.0939],[105.9409,21.089],[105.9402,21.0834],[105.9457,21.085],[105.9579,21.0913],[105.9599,21.0883],[105.962,21.0779],[105.9689,21.0736],[105.9769,21.0703],[105.9936,21.069],[105.9995,21.0745],[106.0067,21.063],[106.0071,21.0577],[106.0144,21.0559],[106.014,21.0509],[106.02,21.0475],[106.0201,21.0414],[106.0165,21.0344],[106.0127,21.0302],[106.0064,21.0289],[106.007,21.0242],[106.0034,21.0174],[106.0094,21.0124],[106.0085,21.0082],[105.9991,21.0066],[106.0012,21.0003]]]},"properties":{"Ma":"02","Cap":1,"STT":2,"TinhThanh":"Bắc Ninh","SapNhap":"Bắc Ninh, Bắc Giang","SoXa":99,"Loai":"Tỉnh","Dtich_km2":4718.5,"DanSo_ng":3619433,"MD_ngkm2":767.1,"label_lng":106.41556,"label_lat":21.31424}},{"type":"Feature","geometry":{"type":"Polygon","coordinates":[[[105.5316,22.6332],[105.5374,22.6334],[105.5414,22.6387],[105.5409,22.6489],[105.5435,22.653],[105.55,22.6574],[105.5613,22.6579],[105.5642,22.6657],[105.5732,22.6658],[105.5758,22.664],[105.5819,22.6692],[105.5885,22.6668],[105.6028,22.6673],[105.5997,22.678],[105.6007,22.6869],[105.609,22.6905],[105.613,22.6954],[105.6206,22.6974],[105.6231,22.7005],[105.6285,22.6984],[105.6417,22.6998],[105.6485,22.6985],[105.6521,22.7092],[105.656,22.7151],[105.6601,22.7172],[105.6632,22.7227],[105.6692,22.7229],[105.6727,22.7252],[105.6865,22.7178],[105.6917,22.7184],[105.6939,22.7272],[105.6975,22.7277],[105.7,22.7196],[105.7057,22.726],[105.7096,22.728],[105.7109,22.7328],[105.7215,22.7308],[105.7248,22.7363],[105.7286,22.7396],[105.7391,22.7415],[105.7436,22.738],[105.747,22.7303],[105.7519,22.7267],[105.7549,22.7282],[105.7585,22.7253],[105.7594,22.7208],[105.752,22.7129],[105.7562,22.7021],[105.7608,22.6972],[105.7684,22.694],[105.7769,22.692],[105.773,22.684],[105.768,22.6789],[105.7548,22.6687],[105.7493,22.663],[105.7482,22.6585],[105.7405,22.6496],[105.7404,22.6435],[105.7377,22.6417],[105.7313,22.6412],[105.727,22.6368],[105.7294,22.6338],[105.7396,22.6279],[105.741,22.621],[105.7449,22.6191],[105.7533,22.6088],[105.7529,22.6034],[105.7477,22.5999],[105.7468,22.596],[105.7533,22.5867],[105.7606,22.5859],[105.7661,22.5889],[105.7733,22.5804],[105.7776,22.5772],[105.7762,22.5698],[105.7727,22.562],[105.7757,22.5503],[105.7815,22.5488],[105.7875,22.5503],[105.7933,22.5415],[105.7947,22.535],[105.798,22.5334],[105.8018,22.5258],[105.8043,22.5238],[105.8145,22.5214],[105.8235,22.5211],[105.8303,22.5258],[105.8333,22.5259],[105.8324,22.5179],[105.8336,22.516],[105.8413,22.515],[105.8504,22.5201],[105.8569,22.5215],[105.8669,22.52],[105.8765,22.5144],[105.8832,22.5134],[105.8995,22.507],[105.898,22.5049],[105.9039,22.4953],[105.9113,22.4964],[105.9203,22.5087],[105.9235,22.5152],[105.9241,22.5215],[105.9325,22.5281],[105.9432,22.5278],[105.9468,22.5287],[105.9526,22.523],[105.9573,22.5239],[105.9609,22.5281],[105.9658,22.5286],[105.9692,22.5355],[105.9838,22.5401],[105.9864,22.5441],[105.9915,22.5432],[105.9936,22.5454],[106.0032,22.5487],[106.0059,22.5549],[106.0128,22.5566],[106.0218,22.5607],[106.0263,22.5581],[106.0375,22.5622],[106.0423,22.5658],[106.0476,22.578],[106.059,22.571],[106.0674,22.5695],[106.0713,22.5729],[106.0825,22.5728],[106.0818,22.5665],[106.0749,22.5617],[106.0733,22.5549],[106.0808,22.5517],[106.0864,22.5531],[106.0911,22.5482],[106.0952,22.547],[106.0927,22.5413],[106.093,22.5356],[106.0957,22.5308],[106.0952,22.5272],[106.1021,22.5213],[106.102,22.5164],[106.116,22.5125],[106.1193,22.5106],[106.1178,22.5056],[106.1186,22.499],[106.1167,22.4955],[106.1164,22.4884],[106.1147,22.4832],[106.1196,22.4718],[106.1097,22.4631],[106.1029,22.451],[106.0963,22.446],[106.0943,22.4417],[106.1016,22.4356],[106.0998,22.4299],[106.1017,22.4252],[106.1012,22.4172],[106.0991,22.4144],[106.1053,22.4096],[106.1048,22.4015],[106.1114,22.3989],[106.1154,22.4016],[106.1222,22.4025],[106.1224,22.3994],[106.1281,22.4002],[106.1329,22.3985],[106.1345,22.3955],[106.1399,22.3945],[106.1513,22.404],[106.1567,22.4099],[106.1681,22.4089],[106.1689,22.403],[106.172,22.4039],[106.1767,22.3972],[106.179,22.3908],[106.1836,22.3903],[106.1847,22.3869],[106.1873,22.3931],[106.1873,22.4005],[106.191,22.4054],[106.1943,22.4069],[106.1926,22.4112],[106.193,22.4161],[106.1999,22.4223],[106.2006,22.4319],[106.2065,22.436],[106.211,22.4413],[106.2131,22.4478],[106.2212,22.4551],[106.2296,22.4548],[106.2335,22.4588],[106.2399,22.4615],[106.2493,22.4584],[106.2564,22.4545],[106.2613,22.4504],[106.2644,22.4533],[106.2735,22.4483],[106.2762,22.4482],[106.2851,22.4376],[106.2868,22.4281],[106.2882,22.4263],[106.2955,22.4258],[106.3029,22.42],[106.3122,22.4105],[106.3192,22.4075],[106.3305,22.4118],[106.3343,22.4088],[106.3325,22.4021],[106.3444,22.3917],[106.3449,22.3832],[106.342,22.3738],[106.3492,22.3685],[106.3528,22.3617],[106.3607,22.3575],[106.3788,22.3595],[106.3801,22.3633],[106.3874,22.3645],[106.3896,22.3682],[106.396,22.3738],[106.4002,22.3705],[106.4069,22.3698],[106.4134,22.3705],[106.4186,22.3638],[106.4249,22.3586],[106.4297,22.359],[106.4341,22.3633],[106.4408,22.363],[106.4442,22.3587],[106.4526,22.3566],[106.4623,22.3606],[106.466,22.3591],[106.4686,22.3624],[106.476,22.3635],[106.4821,22.3674],[106.4873,22.3683],[106.4891,22.3761],[106.481,22.3772],[106.4904,22.3853],[106.4844,22.392],[106.492,22.3938],[106.4929,22.3985],[106.4897,22.4004],[106.4975,22.4048],[106.5049,22.4044],[106.5121,22.4023],[106.5198,22.3975],[106.5241,22.4043],[106.5275,22.4048],[106.532,22.4098],[106.5286,22.4131],[106.534,22.4151],[106.5353,22.4189],[106.551,22.4209],[106.5552,22.4198],[106.5607,22.4224],[106.5645,22.4237],[106.5681,22.4305],[106.5656,22.4325],[106.5647,22.4377],[106.5674,22.4404],[106.563,22.4471],[106.5591,22.447],[106.5604,22.4565],[106.5589,22.4654],[106.5634,22.4652],[106.5682,22.4733],[106.5728,22.4725],[106.5776,22.4691],[106.579,22.4732],[106.5834,22.4744],[106.5845,22.4774],[106.582,22.4826],[106.5831,22.4952],[106.5812,22.4993],[106.5822,22.5108],[106.5817,22.5198],[106.5869,22.5252],[106.5869,22.5283],[106.5909,22.5362],[106.5904,22.5397],[106.5918,22.5508],[106.6002,22.5525],[106.5998,22.556],[106.6037,22.5643],[106.6009,22.5723],[106.6009,22.5765],[106.6087,22.5808],[106.6083,22.5863],[106.6042,22.588],[106.6061,22.5973],[106.6101,22.6046],[106.6267,22.6042],[106.6298,22.6055],[106.6325,22.6017],[106.6312,22.5991],[106.6342,22.5911],[106.6374,22.5901],[106.6394,22.5856],[106.6455,22.5835],[106.6487,22.5772],[106.6531,22.5754],[106.6625,22.5754],[106.6718,22.5795],[106.6752,22.5786],[106.6781,22.5824],[106.685,22.5797],[106.6885,22.5828],[106.6968,22.5833],[106.7075,22.5783],[106.7165,22.5828],[106.7234,22.5879],[106.7229,22.5918],[106.7284,22.5936],[106.7304,22.6022],[106.7228,22.6074],[106.7172,22.6088],[106.7147,22.6146],[106.7234,22.6171],[106.7295,22.6327],[106.7222,22.6379],[106.7259,22.642],[106.7258,22.6451],[106.7334,22.6498],[106.7308,22.6549],[106.7358,22.6558],[106.7366,22.6606],[106.7399,22.6653],[106.7412,22.6702],[106.7542,22.6723],[106.758,22.6756],[106.7607,22.6816],[106.7605,22.686],[106.7529,22.6923],[106.7548,22.6966],[106.7586,22.6943],[106.7639,22.7004],[106.7651,22.7045],[106.7701,22.7069],[106.7773,22.7068],[106.7786,22.7105],[106.765,22.7181],[106.7656,22.7226],[106.7643,22.733],[106.7698,22.7373],[106.7647,22.7414],[106.7682,22.7446],[106.7743,22.744],[106.7777,22.7503],[106.7881,22.7539],[106.7906,22.7595],[106.7871,22.7642],[106.7885,22.7665],[106.7942,22.7654],[106.7957,22.7698],[106.8035,22.7673],[106.8098,22.7699],[106.8176,22.7714],[106.8238,22.7788],[106.8221,22.7831],[106.8242,22.7883],[106.832,22.796],[106.8314,22.8006],[106.8359,22.8027],[106.8357,22.8061],[106.8301,22.8082],[106.8267,22.8132],[106.8228,22.8131],[106.8223,22.8175],[106.8188,22.82],[106.8078,22.8213],[106.8001,22.8199],[106.7948,22.8154],[106.7853,22.8141],[106.78,22.8173],[106.774,22.8173],[106.7663,22.8112],[106.7647,22.8126],[106.7689,22.826],[106.7545,22.8317],[106.7515,22.8358],[106.7434,22.8395],[106.7429,22.8433],[106.7366,22.8482],[106.7291,22.8513],[106.724,22.8554],[106.7172,22.8576],[106.7153,22.8561],[106.7107,22.8628],[106.7071,22.8646],[106.7089,22.8689],[106.7165,22.8713],[106.7169,22.8787],[106.7119,22.8791],[106.7053,22.889],[106.6984,22.8889],[106.692,22.8919],[106.68,22.8872],[106.6783,22.8906],[106.6694,22.8931],[106.6661,22.8901],[106.6669,22.8816],[106.6657,22.8757],[106.658,22.8715],[106.6526,22.8659],[106.646,22.87],[106.6449,22.8748],[106.6381,22.8757],[106.6399,22.8822],[106.6385,22.886],[106.6347,22.8877],[106.63,22.8865],[106.6301,22.8919],[106.6184,22.8985],[106.6104,22.9091],[106.6086,22.9203],[106.6049,22.9219],[106.6016,22.9294],[106.5968,22.9289],[106.5933,22.9331],[106.588,22.9325],[106.58,22.9249],[106.5779,22.9264],[106.5715,22.9245],[106.5656,22.9189],[106.5606,22.9231],[106.5515,22.9241],[106.5487,22.9286],[106.5433,22.9299],[106.5407,22.9348],[106.5416,22.9427],[106.5293,22.9409],[106.5265,22.9474],[106.5138,22.947],[106.5044,22.9298],[106.5011,22.9304],[106.5025,22.9226],[106.4994,22.9186],[106.5019,22.9101],[106.4974,22.9048],[106.4949,22.9079],[106.4907,22.9066],[106.4861,22.902],[106.4813,22.904],[106.4785,22.9088],[106.4743,22.9102],[106.4714,22.9065],[106.4726,22.9032],[106.4695,22.9007],[106.4659,22.9017],[106.4631,22.896],[106.4595,22.8965],[106.454,22.904],[106.4467,22.9034],[106.4448,22.8949],[106.4416,22.8907],[106.4377,22.8901],[106.4329,22.8823],[106.4271,22.89],[106.4193,22.8924],[106.4109,22.8878],[106.4117,22.8836],[106.4153,22.8808],[106.4159,22.8764],[106.4055,22.8761],[106.4038,22.8809],[106.3947,22.8801],[106.3909,22.8836],[106.3876,22.8825],[106.3838,22.8847],[106.3802,22.8823],[106.3767,22.8843],[106.3678,22.8817],[106.3634,22.8783],[106.3617,22.8717],[106.3633,22.8668],[106.359,22.8637],[106.3524,22.8566],[106.3463,22.8556],[106.3441,22.8598],[106.3364,22.8646],[106.3326,22.8698],[106.3267,22.8748],[106.3235,22.8743],[106.3208,22.8688],[106.3138,22.8692],[106.3096,22.8651],[106.3066,22.8712],[106.3034,22.8744],[106.291,22.8756],[106.2905,22.8699],[106.2862,22.8679],[106.2816,22.8707],[106.2785,22.8696],[106.2734,22.8755],[106.2636,22.8758],[106.2572,22.8794],[106.2618,22.882],[106.2546,22.8887],[106.2511,22.8896],[106.2493,22.894],[106.2562,22.8976],[106.2622,22.9026],[106.2615,22.9054],[106.2646,22.9111],[106.2599,22.9193],[106.2566,22.9222],[106.2525,22.9224],[106.2485,22.9265],[106.2468,22.9352],[106.2416,22.9353],[106.2421,22.9409],[106.2338,22.9442],[106.2375,22.9518],[106.2358,22.9546],[106.229,22.958],[106.2238,22.9588],[106.2242,22.9649],[106.2197,22.9645],[106.2174,22.9703],[106.2118,22.971],[106.2044,22.9827],[106.1981,22.9849],[106.1918,22.9855],[106.1898,22.9882],[106.1849,22.9892],[106.1829,22.9857],[106.1654,22.9845],[106.1633,22.9875],[106.1564,22.9883],[106.1549,22.9916],[106.143,22.9956],[106.136,22.9959],[106.1317,22.9938],[106.1309,22.9899],[106.1186,22.9874],[106.1162,22.9856],[106.1086,22.9902],[106.1051,22.9872],[106.1001,22.9868],[106.0955,22.9959],[106.0894,22.9956],[106.0858,22.9998],[106.0755,22.9985],[106.0688,22.9937],[106.0602,22.9927],[106.0569,22.991],[106.0543,22.9963],[106.0479,22.9931],[106.0398,22.9913],[106.036,22.9951],[106.0336,22.9931],[106.0226,22.9926],[106.0182,22.9905],[106.0126,22.9932],[106.0017,22.9913],[106.0023,22.9864],[106.0052,22.9792],[106.0079,22.9764],[106.0062,22.9723],[106.0084,22.969],[106.0063,22.9649],[106.0048,22.9535],[105.9986,22.9417],[105.9951,22.9424],[105.991,22.9396],[105.9818,22.9435],[105.9727,22.949],[105.97,22.9483],[105.9621,22.9507],[105.9582,22.9497],[105.9537,22.9393],[105.939,22.9386],[105.9313,22.941],[105.9282,22.9448],[105.9221,22.9469],[105.9091,22.9397],[105.9025,22.9412],[105.8925,22.9394],[105.8881,22.9365],[105.8874,22.9316],[105.8835,22.9253],[105.8874,22.9202],[105.8798,22.9185],[105.8782,22.9166],[105.8712,22.9225],[105.8703,22.9283],[105.8725,22.933],[105.8665,22.9392],[105.8625,22.9399],[105.8537,22.945],[105.8542,22.9512],[105.846,22.9572],[105.8469,22.9614],[105.8511,22.9602],[105.8549,22.9702],[105.8519,22.9728],[105.8418,22.9692],[105.8384,22.9732],[105.8442,22.9761],[105.8387,22.9802],[105.837,22.9877],[105.8283,22.9952],[105.8211,22.9973],[105.8148,22.9888],[105.8074,22.9903],[105.7972,23.0009],[105.7912,23.0044],[105.7873,23.0098],[105.7819,23.0208],[105.7793,23.0234],[105.7682,23.0261],[105.7625,23.0285],[105.7586,23.0318],[105.7476,23.035],[105.7419,23.0322],[105.7369,23.0368],[105.7316,23.0386],[105.7299,23.0442],[105.73,23.0518],[105.7261,23.0534],[105.7213,23.0642],[105.7159,23.0649],[105.7114,23.0711],[105.7088,23.0704],[105.7116,23.0625],[105.7023,23.0635],[105.6993,23.0616],[105.6848,23.0626],[105.6748,23.0649],[105.6669,23.0677],[105.6595,23.0747],[105.6527,23.0744],[105.6463,23.081],[105.6363,23.0808],[105.6308,23.0781],[105.6279,23.0714],[105.6176,23.0673],[105.6095,23.0717],[105.606,23.0763],[105.5947,23.0756],[105.5904,23.0711],[105.5822,23.0679],[105.5739,23.0715],[105.5677,23.0772],[105.5656,23.084],[105.56,23.088],[105.5636,23.0941],[105.5634,23.1087],[105.5659,23.1128],[105.5613,23.116],[105.5646,23.1192],[105.5582,23.1182],[105.5525,23.1114],[105.5462,23.1096],[105.5392,23.1093],[105.5313,23.1115],[105.5271,23.1078],[105.5234,23.1004],[105.5232,23.097],[105.5172,23.084],[105.5202,23.0794],[105.5198,23.0746],[105.5142,23.0703],[105.5129,23.0663],[105.5087,23.0611],[105.5087,23.0529],[105.5041,23.0478],[105.504,23.0422],[105.4977,23.0392],[105.4949,23.0303],[105.4924,23.0272],[105.4919,23.018],[105.4876,23.0093],[105.4739,23.0068],[105.4663,23.0067],[105.4624,23.0031],[105.4588,23.0049],[105.4468,22.9992],[105.4414,23.0038],[105.4334,23.0024],[105.4275,22.9989],[105.4191,23.0017],[105.4131,22.9952],[105.407,22.9954],[105.3998,22.9917],[105.3913,22.9924],[105.3861,22.99],[105.3752,22.9902],[105.3697,22.9841],[105.3615,22.9793],[105.3606,22.9717],[105.3644,22.9642],[105.3615,22.9573],[105.3643,22.9517],[105.3622,22.9484],[105.3634,22.9449],[105.3621,22.9401],[105.3575,22.9361],[105.353,22.9363],[105.3456,22.9332],[105.3329,22.9342],[105.3328,22.9286],[105.3294,22.9234],[105.3258,22.9219],[105.321,22.9153],[105.3125,22.9156],[105.3072,22.912],[105.308,22.9083],[105.3048,22.9003],[105.3067,22.8892],[105.3036,22.8836],[105.3044,22.8765],[105.3004,22.8754],[105.2916,22.8765],[105.2845,22.8788],[105.2822,22.8774],[105.2741,22.879],[105.2687,22.878],[105.2665,22.8661],[105.2732,22.8646],[105.2785,22.858],[105.2828,22.8559],[105.3009,22.8561],[105.3085,22.8496],[105.3157,22.8485],[105.319,22.8456],[105.3244,22.844],[105.3265,22.8347],[105.3291,22.8323],[105.3391,22.8291],[105.344,22.8265],[105.3439,22.8213],[105.3481,22.8135],[105.3588,22.8167],[105.3693,22.8124],[105.374,22.8116],[105.3821,22.8123],[105.3873,22.8098],[105.3944,22.8017],[105.3948,22.7986],[105.3992,22.7949],[105.404,22.7951],[105.4081,22.7929],[105.41,22.7893],[105.4159,22.7854],[105.4232,22.7848],[105.4216,22.7809],[105.4249,22.776],[105.4304,22.7765],[105.4419,22.7733],[105.447,22.7685],[105.45,22.759],[105.4554,22.7573],[105.4611,22.7572],[105.464,22.7552],[105.4697,22.7559],[105.469,22.7504],[105.4787,22.7386],[105.4752,22.7282],[105.4762,22.7196],[105.4805,22.7135],[105.4817,22.7094],[105.4923,22.7071],[105.4948,22.7038],[105.5011,22.7006],[105.5014,22.6938],[105.4958,22.6891],[105.4931,22.6825],[105.4888,22.677],[105.4885,22.6711],[105.4939,22.6665],[105.4978,22.6555],[105.4947,22.6532],[105.4937,22.645],[105.4988,22.6337],[105.5066,22.6341],[105.5141,22.6366],[105.5243,22.634],[105.5316,22.6332]]]},"properties":{"Ma":"07","Cap":1,"STT":5,"TinhThanh":"Cao Bằng","SapNhap":"Cao Bằng","SoXa":56,"Loai":"Tỉnh","Dtich_km2":6700.6,"DanSo_ng":573119,"MD_ngkm2":85.5,"label_lng":106.08547,"label_lat":22.74455}},{"type":"Feature","geometry":{"type":"Polygon","coordinates":[[[102.3218,22.5473],[102.313,22.541],[102.308,22.5362],[102.3041,22.535],[102.2998,22.5296],[102.3008,22.5256],[102.296,22.5215],[102.2933,22.5169],[102.2939,22.5118],[102.2882,22.5041],[102.2805,22.5023],[102.2776,22.4955],[102.2685,22.4868],[102.2718,22.4839],[102.2668,22.4789],[102.2639,22.4792],[102.2632,22.467],[102.2517,22.4636],[102.2457,22.4654],[102.2479,22.4596],[102.2461,22.4551],[102.2507,22.4549],[102.253,22.4501],[102.256,22.4494],[102.2576,22.4421],[102.2605,22.4398],[102.2663,22.431],[102.2671,22.4259],[102.2631,22.4147],[102.2602,22.4142],[102.2536,22.4171],[102.2516,22.4197],[102.2376,22.4281],[102.2307,22.429],[102.224,22.4283],[102.223,22.4258],[102.2167,22.4284],[102.2132,22.4315],[102.2069,22.4283],[102.1995,22.4303],[102.1948,22.4335],[102.1852,22.4361],[102.1789,22.4319],[102.1743,22.4321],[102.1641,22.4289],[102.1594,22.4301],[102.1581,22.4258],[102.1538,22.4244],[102.1544,22.417],[102.1487,22.4078],[102.1456,22.406],[102.145,22.3993],[102.1491,22.3954],[102.1495,22.3905],[102.1527,22.3868],[102.1592,22.3848],[102.1639,22.3778],[102.1693,22.3756],[102.1716,22.3711],[102.1642,22.361],[102.1685,22.3505],[102.1793,22.339],[102.1868,22.3411],[102.193,22.3399],[102.1962,22.3363],[102.1913,22.3317],[102.1892,22.3263],[102.1818,22.3232],[102.1774,22.314],[102.1779,22.3051],[102.1904,22.3027],[102.1934,22.2992],[102.2009,22.2971],[102.2032,22.2926],[102.2106,22.2913],[102.2121,22.2873],[102.2247,22.2872],[102.2258,22.2851],[102.2321,22.2848],[102.2345,22.2825],[102.2336,22.278],[102.2304,22.2749],[102.2324,22.2698],[102.232,22.2654],[102.2365,22.2638],[102.2415,22.2551],[102.2388,22.2487],[102.2397,22.2432],[102.2423,22.2385],[102.2485,22.2381],[102.2617,22.2338],[102.2702,22.2373],[102.2739,22.2353],[102.2722,22.2249],[102.279,22.2198],[102.2776,22.2124],[102.2801,22.2057],[102.2871,22.2063],[102.298,22.2053],[102.3032,22.2014],[102.3085,22.2042],[102.3102,22.2082],[102.3224,22.2037],[102.3244,22.1994],[102.3313,22.1956],[102.3353,22.1877],[102.336,22.1834],[102.3357,22.1658],[102.3384,22.1669],[102.3478,22.163],[102.3581,22.1666],[102.3659,22.1637],[102.3688,22.1593],[102.3835,22.1501],[102.3857,22.1422],[102.3845,22.1306],[102.3901,22.1272],[102.404,22.1262],[102.408,22.1282],[102.4116,22.1241],[102.4225,22.116],[102.4322,22.1165],[102.4403,22.1032],[102.4391,22.0905],[102.4464,22.0844],[102.4458,22.0803],[102.4415,22.0785],[102.4418,22.0743],[102.4471,22.0744],[102.459,22.0696],[102.4606,22.0658],[102.4697,22.062],[102.4724,22.0578],[102.4777,22.0529],[102.4838,22.0428],[102.4972,22.0357],[102.4993,22.0378],[102.5043,22.0345],[102.5093,22.0373],[102.5188,22.0324],[102.52,22.0239],[102.5071,22.0148],[102.5004,22.0153],[102.4941,22.0126],[102.4888,22.0067],[102.4886,21.9967],[102.493,21.9924],[102.4935,21.9886],[102.5004,21.9795],[102.5051,21.9758],[102.5054,21.9731],[102.5125,21.9691],[102.5152,21.9654],[102.5219,21.9659],[102.5376,21.9581],[102.5442,21.9522],[102.5477,21.9518],[102.5544,21.9462],[102.5639,21.9412],[102.5658,21.9372],[102.5801,21.9334],[102.5863,21.9275],[102.605,21.9235],[102.6102,21.9205],[102.6151,21.9148],[102.618,21.9086],[102.6203,21.8996],[102.6166,21.8979],[102.6145,21.8939],[102.6117,21.8807],[102.6123,21.8748],[102.6172,21.8722],[102.6286,21.8692],[102.631,21.8632],[102.6395,21.8597],[102.6457,21.8589],[102.6466,21.8556],[102.6426,21.8484],[102.6455,21.8379],[102.6508,21.8264],[102.6503,21.8154],[102.6483,21.8081],[102.6593,21.8],[102.6633,21.7907],[102.6603,21.7849],[102.6571,21.7743],[102.6508,21.7677],[102.6489,21.7582],[102.6497,21.7542],[102.6487,21.735],[102.6462,21.732],[102.6515,21.7279],[102.6534,21.7196],[102.6563,21.7189],[102.6604,21.7105],[102.6612,21.7005],[102.6649,21.6935],[102.6653,21.6888],[102.6679,21.6862],[102.6633,21.6805],[102.6689,21.6756],[102.6688,21.6727],[102.6741,21.665],[102.6754,21.6554],[102.6818,21.6548],[102.6886,21.6582],[102.6891,21.6625],[102.6937,21.6643],[102.6997,21.6616],[102.7092,21.6647],[102.7152,21.6626],[102.7239,21.6644],[102.7321,21.6628],[102.7364,21.659],[102.749,21.6639],[102.7548,21.6734],[102.7623,21.6746],[102.7683,21.6832],[102.7711,21.6888],[102.7823,21.702],[102.7888,21.7069],[102.7953,21.7062],[102.7998,21.7083],[102.8044,21.7169],[102.8092,21.7171],[102.8115,21.7195],[102.8098,21.7246],[102.8143,21.7274],[102.8158,21.7316],[102.821,21.7309],[102.8265,21.7356],[102.8251,21.7414],[102.8248,21.7514],[102.8209,21.7605],[102.8204,21.7725],[102.8212,21.7772],[102.8174,21.7828],[102.8158,21.7909],[102.8206,21.7977],[102.8161,21.813],[102.8111,21.8191],[102.8109,21.825],[102.8187,21.835],[102.8177,21.8401],[102.8323,21.8458],[102.839,21.8448],[102.8433,21.8465],[102.8503,21.8432],[102.8529,21.84],[102.8543,21.8247],[102.857,21.8234],[102.8579,21.8162],[102.855,21.8107],[102.8575,21.8068],[102.8565,21.8028],[102.8603,21.7977],[102.8559,21.7853],[102.8596,21.7828],[102.8579,21.7768],[102.8592,21.7746],[102.8557,21.7679],[102.8618,21.7665],[102.8611,21.7541],[102.8572,21.7499],[102.8552,21.7395],[102.859,21.7324],[102.8572,21.7209],[102.8623,21.7165],[102.8682,21.7147],[102.872,21.7083],[102.8815,21.7051],[102.8825,21.7086],[102.8867,21.7128],[102.8912,21.7126],[102.8986,21.7147],[102.9026,21.7188],[102.9088,21.718],[102.914,21.7212],[102.9182,21.7215],[102.9244,21.7252],[102.9294,21.7239],[102.9454,21.7265],[102.9482,21.7285],[102.9549,21.7289],[102.9562,21.7332],[102.962,21.7383],[102.9647,21.7433],[102.9695,21.7464],[102.9743,21.7448],[102.9732,21.7364],[102.9774,21.7347],[102.9807,21.7295],[102.9855,21.7265],[102.9851,21.7223],[102.9888,21.7201],[102.9897,21.7103],[102.9873,21.7025],[102.9818,21.7004],[102.9789,21.6966],[102.9805,21.6896],[102.9854,21.6887],[102.9902,21.6825],[102.9857,21.6665],[102.9868,21.6609],[102.9844,21.658],[102.9812,21.648],[102.9861,21.6426],[102.9827,21.6345],[102.9866,21.6289],[102.9849,21.6264],[102.9897,21.6225],[102.987,21.6195],[102.9847,21.6056],[102.9908,21.6027],[102.9928,21.5903],[102.9912,21.5853],[102.9851,21.5841],[102.984,21.5786],[102.9794,21.5723],[102.9688,21.5667],[102.9668,21.5612],[102.9587,21.554],[102.9612,21.5468],[102.9557,21.5411],[102.9464,21.5362],[102.9427,21.5325],[102.9392,21.5258],[102.9312,21.5238],[102.932,21.5163],[102.9273,21.5161],[102.9203,21.5096],[102.9184,21.5048],[102.9135,21.5031],[102.9146,21.4946],[102.9105,21.4865],[102.9078,21.4865],[102.9084,21.4801],[102.9033,21.4763],[102.8908,21.4776],[102.8862,21.4762],[102.8917,21.4695],[102.8836,21.4617],[102.8867,21.4574],[102.8858,21.4496],[102.8781,21.4448],[102.8792,21.4387],[102.8775,21.4353],[102.8726,21.4318],[102.8703,21.4281],[102.8716,21.4246],[102.8755,21.4237],[102.8846,21.4253],[102.8906,21.4283],[102.8926,21.4322],[102.8995,21.435],[102.9009,21.4299],[102.9054,21.4344],[102.9139,21.4374],[102.9137,21.4446],[102.92,21.4502],[102.9229,21.4551],[102.9261,21.4567],[102.9396,21.4583],[102.9405,21.4527],[102.9313,21.4448],[102.9258,21.4326],[102.9237,21.4311],[102.9219,21.4216],[102.9189,21.4184],[102.9167,21.4064],[102.9092,21.3985],[102.9086,21.3944],[102.9028,21.3909],[102.9009,21.3879],[102.8966,21.3865],[102.896,21.3826],[102.8988,21.3764],[102.8953,21.369],[102.899,21.3655],[102.894,21.3605],[102.8968,21.356],[102.8943,21.3526],[102.8926,21.3453],[102.8936,21.341],[102.8913,21.3391],[102.8917,21.3309],[102.9001,21.3174],[102.8969,21.3032],[102.889,21.3024],[102.8842,21.2994],[102.8776,21.3025],[102.8724,21.3004],[102.8625,21.3008],[102.8585,21.298],[102.8518,21.2996],[102.8488,21.29],[102.8438,21.2928],[102.8406,21.2911],[102.8384,21.2825],[102.8334,21.2824],[102.8327,21.278],[102.829,21.2784],[102.8201,21.2726],[102.815,21.2668],[102.8098,21.2669],[102.8076,21.2636],[102.8149,21.2576],[102.8118,21.2534],[102.8141,21.2509],[102.82,21.2499],[102.8236,21.2455],[102.8295,21.2474],[102.8393,21.247],[102.845,21.2495],[102.8482,21.2532],[102.8572,21.2528],[102.8601,21.2569],[102.864,21.2576],[102.8718,21.2525],[102.8793,21.2515],[102.8945,21.2433],[102.9041,21.2318],[102.9131,21.2298],[102.9131,21.2266],[102.9083,21.2247],[102.9075,21.2171],[102.9108,21.206],[102.9098,21.1964],[102.9055,21.1893],[102.9106,21.1813],[102.9096,21.176],[102.9065,21.1759],[102.9043,21.1663],[102.9091,21.1633],[102.9194,21.161],[102.9234,21.1559],[102.9275,21.162],[102.9386,21.1581],[102.9385,21.1542],[102.9449,21.1436],[102.9499,21.1416],[102.9499,21.1389],[102.9412,21.1318],[102.9399,21.129],[102.9436,21.1238],[102.9468,21.1238],[102.9543,21.1195],[102.9554,21.117],[102.9609,21.1144],[102.9615,21.1109],[102.9675,21.0985],[102.968,21.0925],[102.9668,21.0881],[102.9616,21.0823],[102.964,21.0773],[102.9668,21.0756],[102.9692,21.0704],[102.9749,21.0657],[102.9787,21.0671],[102.9884,21.0621],[102.9966,21.0631],[103.0019,21.0603],[103.0057,21.0608],[103.0085,21.0643],[103.0141,21.065],[103.0246,21.0592],[103.0364,21.0548],[103.0348,21.0508],[103.039,21.0486],[103.0414,21.0433],[103.0399,21.0376],[103.0452,21.0348],[103.0452,21.0322],[103.0507,21.0265],[103.0565,21.0146],[103.0589,21.0144],[103.0583,21.0058],[103.0606,21.0006],[103.0707,20.9926],[103.0695,20.9889],[103.0721,20.9815],[103.078,20.9788],[103.08,20.9721],[103.0854,20.9712],[103.0865,20.9559],[103.0843,20.9446],[103.0927,20.9355],[103.1047,20.935],[103.108,20.9253],[103.1062,20.9192],[103.1112,20.9167],[103.1124,20.9128],[103.1096,20.9015],[103.1148,20.8969],[103.1181,20.8963],[103.1244,20.9065],[103.1286,20.9094],[103.1314,20.907],[103.138,20.9081],[103.1395,20.9063],[103.1477,20.9045],[103.1578,20.9057],[103.1649,20.9107],[103.165,20.9165],[103.1699,20.9147],[103.1739,20.9095],[103.1811,20.9085],[103.1821,20.9048],[103.19,20.9035],[103.1932,20.9016],[103.198,20.9059],[103.2001,20.9026],[103.2103,20.902],[103.2172,20.8955],[103.2321,20.8956],[103.2333,20.894],[103.2409,20.8945],[103.2457,20.892],[103.2492,20.8949],[103.2559,20.8974],[103.2592,20.8965],[103.2671,20.9017],[103.2733,20.9024],[103.2769,20.8973],[103.2818,20.8962],[103.2811,20.9008],[103.2881,20.9049],[103.2897,20.908],[103.2784,20.9204],[103.2793,20.9241],[103.2773,20.9379],[103.2795,20.9409],[103.2894,20.9476],[103.2934,20.9453],[103.2999,20.9458],[103.3,20.9514],[103.2978,20.9558],[103.3002,20.9643],[103.2988,20.9714],[103.2941,20.9764],[103.2899,20.989],[103.2898,20.9948],[103.281,20.9991],[103.2797,21.0038],[103.285,21.007],[103.2873,21.0145],[103.292,21.017],[103.2849,21.0304],[103.2861,21.0353],[103.2814,21.0384],[103.281,21.0424],[103.2759,21.0445],[103.2775,21.051],[103.274,21.0522],[103.2749,21.0567],[103.2807,21.0605],[103.2818,21.066],[103.2884,21.0618],[103.2941,21.062],[103.2985,21.0596],[103.3018,21.0629],[103.3,21.0671],[103.2934,21.0753],[103.2878,21.078],[103.2928,21.084],[103.2865,21.0933],[103.2941,21.0985],[103.3006,21.0958],[103.3093,21.0962],[103.3128,21.0927],[103.3174,21.0958],[103.3248,21.0924],[103.3346,21.0914],[103.3537,21.0777],[103.3586,21.072],[103.3666,21.0702],[103.371,21.0627],[103.3825,21.062],[103.3875,21.0635],[103.3936,21.0633],[103.3999,21.0606],[103.4042,21.0603],[103.4109,21.0632],[103.4221,21.0649],[103.4243,21.0713],[103.4186,21.0752],[103.4146,21.0823],[103.4087,21.0874],[103.4058,21.0956],[103.406,21.1002],[103.4023,21.1046],[103.4024,21.1119],[103.4007,21.116],[103.4017,21.1213],[103.4006,21.1299],[103.3955,21.1449],[103.3964,21.1511],[103.4059,21.1565],[103.4081,21.1614],[103.4146,21.1687],[103.4281,21.163],[103.4338,21.1691],[103.4352,21.184],[103.4379,21.1907],[103.436,21.2021],[103.4329,21.2066],[103.4329,21.2136],[103.4349,21.2198],[103.4316,21.2242],[103.4342,21.2332],[103.4337,21.2373],[103.4366,21.2413],[103.4332,21.2448],[103.4308,21.2519],[103.4343,21.259],[103.4393,21.2637],[103.4395,21.2705],[103.4413,21.2819],[103.4399,21.2869],[103.4328,21.3045],[103.4327,21.3107],[103.4243,21.3157],[103.4142,21.3196],[103.399,21.3169],[103.3933,21.3192],[103.3884,21.3239],[103.3798,21.329],[103.3744,21.3291],[103.3697,21.3315],[103.3716,21.3407],[103.3753,21.3455],[103.3802,21.3491],[103.3839,21.357],[103.3882,21.3612],[103.3884,21.3676],[103.3844,21.3693],[103.3783,21.3693],[103.373,21.372],[103.3626,21.3718],[103.3586,21.3883],[103.3546,21.3919],[103.3437,21.3991],[103.3402,21.3999],[103.3369,21.4107],[103.3312,21.4129],[103.3382,21.4184],[103.3417,21.4275],[103.3444,21.4294],[103.3491,21.4284],[103.354,21.4247],[103.3596,21.4277],[103.3662,21.4291],[103.3749,21.4278],[103.3828,21.4341],[103.388,21.4342],[103.3919,21.4368],[103.3977,21.4351],[103.401,21.4316],[103.4181,21.4267],[103.4202,21.4298],[103.4299,21.4304],[103.433,21.432],[103.4427,21.4322],[103.4494,21.4383],[103.4464,21.4431],[103.4568,21.4576],[103.4536,21.471],[103.4542,21.4802],[103.4478,21.4856],[103.4511,21.4917],[103.4517,21.5018],[103.4573,21.5091],[103.4619,21.5122],[103.4595,21.5179],[103.4636,21.5197],[103.4706,21.5168],[103.4742,21.5205],[103.4849,21.5207],[103.4891,21.5271],[103.5031,21.5337],[103.5108,21.534],[103.5171,21.5328],[103.5195,21.5398],[103.5225,21.543],[103.5226,21.548],[103.5192,21.5573],[103.5192,21.565],[103.524,21.5652],[103.5341,21.5686],[103.5319,21.573],[103.5329,21.58],[103.5303,21.5813],[103.5305,21.5867],[103.5346,21.5909],[103.5378,21.5901],[103.5382,21.5977],[103.5427,21.6025],[103.5479,21.6023],[103.5496,21.6095],[103.554,21.6133],[103.5555,21.6174],[103.554,21.6208],[103.5579,21.6229],[103.5599,21.6266],[103.5508,21.6326],[103.551,21.6382],[103.545,21.6399],[103.5416,21.6456],[103.5478,21.6513],[103.5537,21.6532],[103.5571,21.656],[103.5574,21.66],[103.5605,21.6676],[103.567,21.6721],[103.5679,21.6778],[103.5765,21.6833],[103.5841,21.6852],[103.5937,21.6747],[103.5987,21.683],[103.5951,21.6868],[103.5935,21.693],[103.5863,21.7001],[103.5838,21.7053],[103.5858,21.707],[103.5826,21.7141],[103.578,21.7205],[103.5742,21.7332],[103.571,21.7359],[103.5726,21.7396],[103.5614,21.7493],[103.5598,21.76],[103.5511,21.769],[103.5456,21.7718],[103.5411,21.7774],[103.5441,21.7907],[103.5477,21.7988],[103.5433,21.8043],[103.5396,21.8121],[103.5364,21.8143],[103.5419,21.8205],[103.5399,21.8279],[103.5357,21.8315],[103.5295,21.8332],[103.53,21.8421],[103.5229,21.8546],[103.5223,21.8615],[103.5174,21.8656],[103.5113,21.8675],[103.5068,21.8728],[103.5013,21.873],[103.4948,21.8752],[103.4923,21.8806],[103.4879,21.8842],[103.4895,21.8889],[103.4828,21.895],[103.4867,21.9034],[103.4795,21.9087],[103.4803,21.9164],[103.4843,21.9211],[103.4824,21.9231],[103.4849,21.9341],[103.4845,21.9383],[103.4944,21.9438],[103.4984,21.9446],[103.4997,21.9513],[103.5055,21.9552],[103.5033,21.9593],[103.5025,21.9659],[103.4968,21.9698],[103.4898,21.9753],[103.4786,21.9773],[103.4751,21.979],[103.4682,21.9865],[103.4646,21.9967],[103.4596,22.0001],[103.4566,22.0054],[103.4523,22.0094],[103.4555,22.0172],[103.4685,22.0269],[103.4684,22.0299],[103.4641,22.0343],[103.4602,22.0409],[103.4572,22.0492],[103.4534,22.0539],[103.4443,22.0583],[103.4377,22.0551],[103.4341,22.056],[103.431,22.0649],[103.423,22.071],[103.4199,22.075],[103.4183,22.0851],[103.4134,22.0942],[103.4066,22.1151],[103.4049,22.129],[103.403,22.1317],[103.3942,22.1391],[103.3896,22.1477],[103.3922,22.1535],[103.3892,22.1569],[103.381,22.1562],[103.3731,22.1542],[103.3636,22.1545],[103.3553,22.1526],[103.3425,22.1528],[103.3368,22.1542],[103.3303,22.1523],[103.3276,22.1478],[103.3188,22.1421],[103.3169,22.1342],[103.3064,22.125],[103.3089,22.116],[103.3024,22.113],[103.2933,22.1127],[103.2875,22.1089],[103.2846,22.1034],[103.2834,22.0875],[103.2761,22.0802],[103.2734,22.0723],[103.2785,22.0638],[103.2882,22.0557],[103.2918,22.0498],[103.2912,22.0432],[103.2863,22.0393],[103.2773,22.039],[103.2687,22.043],[103.2558,22.047],[103.2436,22.0491],[103.2294,22.0598],[103.2253,22.0637],[103.2111,22.0703],[103.2,22.0679],[103.1907,22.0698],[103.1758,22.0766],[103.1711,22.0814],[103.1672,22.0794],[103.1659,22.0742],[103.1586,22.0765],[103.1506,22.0751],[103.15,22.0703],[103.1473,22.0672],[103.1333,22.0739],[103.1285,22.0805],[103.1218,22.095],[103.1139,22.099],[103.1026,22.1018],[103.0997,22.0871],[103.0962,22.0839],[103.0952,22.0765],[103.0897,22.0701],[103.0956,22.0656],[103.0949,22.0577],[103.0856,22.0584],[103.0767,22.0575],[103.0718,22.0586],[103.0647,22.063],[103.0591,22.0612],[103.0561,22.0533],[103.0454,22.0484],[103.039,22.0477],[103.0272,22.0519],[103.0224,22.056],[103.0134,22.0527],[103.0072,22.0527],[103.0034,22.0502],[102.9985,22.0514],[102.994,22.0434],[102.9951,22.0359],[102.9916,22.0343],[102.9903,22.0286],[102.9853,22.026],[102.981,22.029],[102.975,22.0305],[102.9699,22.0297],[102.9614,22.0378],[102.9641,22.0408],[102.9604,22.0501],[102.9572,22.0514],[102.955,22.0558],[102.9472,22.059],[102.944,22.0661],[102.9364,22.0682],[102.93,22.0686],[102.9283,22.0767],[102.9347,22.0841],[102.9346,22.0929],[102.9331,22.0953],[102.9319,22.1036],[102.9246,22.1065],[102.9255,22.0917],[102.9218,22.0904],[102.9132,22.0912],[102.9106,22.0873],[102.9058,22.0867],[102.901,22.079],[102.897,22.0761],[102.888,22.0754],[102.8793,22.0802],[102.868,22.0779],[102.865,22.0736],[102.8619,22.0612],[102.8577,22.0608],[102.855,22.0656],[102.8405,22.0659],[102.8283,22.0637],[102.8201,22.0652],[102.8147,22.0696],[102.7998,22.0777],[102.7918,22.0809],[102.7896,22.0833],[102.7813,22.0859],[102.7778,22.0885],[102.7759,22.0935],[102.7808,22.099],[102.7766,22.1037],[102.7678,22.1172],[102.7624,22.1164],[102.7574,22.1204],[102.756,22.1246],[102.7483,22.1294],[102.7436,22.1309],[102.7411,22.1423],[102.7393,22.1466],[102.7408,22.1517],[102.737,22.1639],[102.7388,22.1724],[102.7469,22.177],[102.7479,22.1873],[102.7511,22.1936],[102.7496,22.1988],[102.7517,22.2038],[102.7469,22.2188],[102.7407,22.2228],[102.7393,22.2283],[102.735,22.2301],[102.7343,22.2335],[102.7286,22.2354],[102.7291,22.2382],[102.721,22.238],[102.7142,22.2411],[102.7107,22.2381],[102.7051,22.2435],[102.698,22.2464],[102.6954,22.2452],[102.6815,22.2563],[102.6765,22.2619],[102.6684,22.2564],[102.6625,22.2536],[102.6688,22.2509],[102.6697,22.2487],[102.6803,22.2423],[102.6875,22.2366],[102.6869,22.2305],[102.6894,22.225],[102.695,22.2198],[102.695,22.2149],[102.6979,22.209],[102.6944,22.1971],[102.6882,22.1927],[102.6865,22.1821],[102.6824,22.1788],[102.681,22.1735],[102.6771,22.169],[102.6697,22.1682],[102.6685,22.1704],[102.661,22.175],[102.6541,22.176],[102.6465,22.1747],[102.6401,22.1771],[102.6373,22.1815],[102.6369,22.1872],[102.6293,22.1877],[102.6221,22.1982],[102.6172,22.2031],[102.619,22.2078],[102.6165,22.2224],[102.6211,22.2277],[102.6186,22.2358],[102.6157,22.2358],[102.611,22.2393],[102.6047,22.2394],[102.601,22.2438],[102.5948,22.2462],[102.5934,22.2491],[102.5873,22.2521],[102.5793,22.2606],[102.5636,22.2601],[102.5593,22.254],[102.559,22.2502],[102.5538,22.2435],[102.5444,22.2425],[102.5341,22.246],[102.5306,22.2495],[102.5247,22.2525],[102.5202,22.2574],[102.5147,22.261],[102.5125,22.2688],[102.5099,22.2724],[102.5094,22.2793],[102.5028,22.2883],[102.4979,22.2926],[102.4951,22.2927],[102.4903,22.2978],[102.4911,22.3027],[102.4849,22.3075],[102.4821,22.3134],[102.4748,22.3206],[102.4736,22.3278],[102.4701,22.3289],[102.4675,22.3347],[102.4562,22.3427],[102.4572,22.3501],[102.4533,22.353],[102.4492,22.3612],[102.4416,22.3666],[102.4363,22.3659],[102.4326,22.3692],[102.4265,22.3711],[102.4248,22.3762],[102.4245,22.3825],[102.418,22.389],[102.4105,22.3884],[102.3995,22.402],[102.3954,22.4007],[102.3877,22.412],[102.3945,22.4188],[102.3981,22.4186],[102.3966,22.4254],[102.3965,22.4335],[102.3912,22.44],[102.3912,22.4451],[102.3936,22.4496],[102.3922,22.4576],[102.3868,22.4675],[102.3819,22.4703],[102.3709,22.472],[102.361,22.4771],[102.3586,22.4882],[102.3569,22.4904],[102.3474,22.4895],[102.3491,22.4982],[102.3485,22.5045],[102.345,22.5055],[102.344,22.5111],[102.3389,22.5176],[102.3378,22.5225],[102.3398,22.5273],[102.329,22.5363],[102.324,22.5464],[102.3218,22.5473]]]},"properties":{"Ma":"13","Cap":1,"STT":8,"TinhThanh":"Điện Biên","SapNhap":"Điện Biên","SoXa":45,"Loai":"Tỉnh","Dtich_km2":9539.2,"DanSo_ng":673091,"MD_ngkm2":70.6,"label_lng":103.02281,"label_lat":21.71074}},{"type":"Feature","geometry":{"type":"Polygon","coordinates":[[[105.7846,21.3596],[105.7861,21.3546],[105.783,21.3538],[105.785,21.3484],[105.7832,21.3429],[105.7764,21.3362],[105.7736,21.3316],[105.772,21.3255],[105.7676,21.3183],[105.7626,21.3138],[105.757,21.3005],[105.7477,21.2943],[105.7432,21.2929],[105.742,21.2872],[105.738,21.288],[105.7352,21.2834],[105.7358,21.2793],[105.7323,21.2749],[105.7291,21.2759],[105.7228,21.2661],[105.7248,21.2581],[105.7237,21.2506],[105.7285,21.2495],[105.7287,21.2463],[105.7253,21.242],[105.7323,21.2419],[105.7362,21.2401],[105.7314,21.2316],[105.7242,21.2253],[105.7156,21.2247],[105.7092,21.2198],[105.7033,21.2213],[105.6974,21.2186],[105.6935,21.2215],[105.6904,21.2199],[105.6861,21.2263],[105.6882,21.2347],[105.6805,21.2337],[105.6794,21.2294],[105.6759,21.2271],[105.6685,21.2335],[105.666,21.2392],[105.6617,21.235],[105.6561,21.235],[105.6528,21.238],[105.6448,21.2347],[105.6454,21.2271],[105.6511,21.2259],[105.6552,21.2272],[105.659,21.2232],[105.6562,21.219],[105.6451,21.2156],[105.6369,21.218],[105.6396,21.2076],[105.6312,21.2089],[105.6281,21.2107],[105.6211,21.2059],[105.6169,21.2087],[105.6166,21.2025],[105.6228,21.1997],[105.6217,21.1948],[105.6247,21.1928],[105.6253,21.1872],[105.6298,21.1841],[105.6258,21.1755],[105.6173,21.1791],[105.605,21.1745],[105.6,21.1696],[105.5878,21.1666],[105.5759,21.1644],[105.5709,21.1606],[105.5463,21.157],[105.5336,21.1542],[105.5278,21.1542],[105.4947,21.1599],[105.4862,21.163],[105.4768,21.1709],[105.4698,21.1787],[105.468,21.1828],[105.4657,21.2077],[105.4598,21.2284],[105.4521,21.238],[105.4475,21.2506],[105.4437,21.2697],[105.4407,21.2719],[105.4345,21.273],[105.4272,21.2778],[105.4145,21.2916],[105.4058,21.2991],[105.394,21.3033],[105.3868,21.3015],[105.3787,21.2922],[105.3759,21.2903],[105.3615,21.2836],[105.3567,21.2781],[105.356,21.2602],[105.35,21.2324],[105.3463,21.2245],[105.3328,21.2135],[105.3252,21.2047],[105.3168,21.1982],[105.3041,21.1905],[105.2994,21.1868],[105.2944,21.1802],[105.2891,21.1703],[105.2881,21.1641],[105.2914,21.1529],[105.298,21.1441],[105.3057,21.1378],[105.3147,21.1214],[105.3185,21.1159],[105.3205,21.1099],[105.3191,21.0994],[105.3172,21.0927],[105.3079,21.0828],[105.3039,21.0758],[105.294,21.0547],[105.2948,21.0454],[105.2972,21.0352],[105.2998,21.029],[105.3048,21.0223],[105.3153,21.0113],[105.3218,21.0147],[105.3209,21.0187],[105.3256,21.021],[105.3289,21.0174],[105.3264,21.0093],[105.3297,21.008],[105.3352,21.0094],[105.3388,21.0136],[105.3492,21.0128],[105.3534,21.0074],[105.359,21.0089],[105.3666,21.013],[105.3754,21.0145],[105.382,21.0215],[105.387,21.0202],[105.3921,21.0145],[105.3921,21.006],[105.3969,21.0009],[105.4032,20.9981],[105.4178,20.9978],[105.4223,20.9837],[105.4324,20.9791],[105.4362,20.9748],[105.4429,20.9633],[105.4438,20.956],[105.4514,20.954],[105.4617,20.9465],[105.4671,20.9451],[105.4693,20.947],[105.4796,20.9477],[105.4905,20.9341],[105.4996,20.9303],[105.5024,20.931],[105.5059,20.9262],[105.5125,20.9223],[105.5208,20.9221],[105.5251,20.9188],[105.5323,20.9228],[105.5385,20.9276],[105.546,20.9231],[105.5549,20.9271],[105.5608,20.9246],[105.566,20.9272],[105.5713,20.9271],[105.5744,20.9299],[105.5805,20.9287],[105.5813,20.9236],[105.5793,20.9155],[105.5721,20.9137],[105.5684,20.911],[105.5664,20.8996],[105.5606,20.8956],[105.5597,20.8908],[105.5565,20.8878],[105.5458,20.882],[105.5483,20.879],[105.5593,20.8811],[105.5616,20.8754],[105.5654,20.8746],[105.5754,20.8643],[105.5825,20.8592],[105.5847,20.8527],[105.5864,20.8408],[105.5805,20.8361],[105.5797,20.8267],[105.5747,20.8223],[105.5646,20.8218],[105.5607,20.8198],[105.5589,20.8108],[105.5552,20.806],[105.5582,20.8037],[105.5712,20.8084],[105.5751,20.8082],[105.5835,20.8119],[105.5841,20.8176],[105.5882,20.821],[105.5871,20.8256],[105.5894,20.8315],[105.5956,20.831],[105.5981,20.842],[105.6038,20.8386],[105.6107,20.8373],[105.6163,20.8317],[105.6321,20.8321],[105.6416,20.8286],[105.6329,20.8221],[105.6304,20.8159],[105.6333,20.8047],[105.6329,20.7927],[105.6417,20.7926],[105.6481,20.7937],[105.6483,20.7842],[105.6496,20.7764],[105.6489,20.766],[105.6497,20.7608],[105.6546,20.7475],[105.6581,20.741],[105.6665,20.7341],[105.6616,20.7234],[105.6637,20.7189],[105.6749,20.7049],[105.6823,20.699],[105.6839,20.6922],[105.6802,20.6835],[105.6746,20.6802],[105.67,20.68],[105.6694,20.6759],[105.6737,20.6703],[105.6722,20.668],[105.6786,20.6602],[105.6811,20.653],[105.679,20.6474],[105.6807,20.6424],[105.6868,20.6377],[105.6849,20.633],[105.6784,20.6285],[105.6734,20.6292],[105.6639,20.6281],[105.6659,20.6244],[105.6662,20.6179],[105.677,20.616],[105.6871,20.6162],[105.6917,20.6221],[105.6967,20.6194],[105.7013,20.6215],[105.7039,20.6166],[105.7055,20.6048],[105.7098,20.5993],[105.7217,20.5961],[105.7272,20.6046],[105.7316,20.6001],[105.7393,20.5982],[105.7434,20.5986],[105.7471,20.5926],[105.752,20.5899],[105.7551,20.5851],[105.7641,20.5768],[105.7678,20.5698],[105.769,20.5645],[105.7777,20.5646],[105.7796,20.5662],[105.7951,20.5676],[105.8006,20.5845],[105.8016,20.5937],[105.8058,20.6003],[105.8074,20.6066],[105.8063,20.6115],[105.8126,20.6165],[105.8111,20.6278],[105.8133,20.6337],[105.8239,20.6406],[105.8323,20.6451],[105.8326,20.65],[105.8278,20.6519],[105.8187,20.6605],[105.8223,20.6645],[105.8325,20.6623],[105.8408,20.6592],[105.8437,20.6548],[105.8476,20.6553],[105.8526,20.6481],[105.8601,20.6447],[105.868,20.6453],[105.8746,20.6433],[105.8838,20.6446],[105.8922,20.6488],[105.8964,20.6522],[105.8958,20.6669],[105.8986,20.6683],[105.9027,20.6649],[105.9076,20.6687],[105.9197,20.6759],[105.9327,20.6801],[105.943,20.6821],[105.947,20.6762],[105.9468,20.6682],[105.9434,20.6632],[105.9452,20.6551],[105.958,20.6508],[105.957,20.6566],[105.96,20.6607],[105.9691,20.6651],[105.9776,20.6657],[105.9784,20.6737],[105.9848,20.6805],[105.9887,20.6826],[105.9945,20.681],[105.9907,20.6893],[105.9979,20.6923],[105.9958,20.6975],[106.0028,20.7015],[106.0033,20.7038],[105.9894,20.7036],[105.9848,20.7004],[105.976,20.699],[105.9715,20.7018],[105.9667,20.7096],[105.9628,20.7202],[105.9622,20.7264],[105.9658,20.7318],[105.9701,20.7346],[105.9677,20.7505],[105.9677,20.7574],[105.9695,20.7695],[105.9642,20.7775],[105.9575,20.7801],[105.9374,20.7833],[105.9298,20.7855],[105.9247,20.7891],[105.9193,20.7972],[105.9125,20.8167],[105.9114,20.8231],[105.9118,20.8316],[105.9153,20.8399],[105.922,20.8455],[105.932,20.8501],[105.9361,20.8561],[105.936,20.8671],[105.9331,20.8723],[105.9236,20.879],[105.9095,20.8866],[105.9005,20.8898],[105.8967,20.8925],[105.8949,20.8988],[105.8971,20.9029],[105.9028,20.9079],[105.9132,20.9148],[105.9162,20.9212],[105.9091,20.9265],[105.9152,20.9371],[105.9104,20.9422],[105.9036,20.9472],[105.9056,20.9508],[105.907,20.9581],[105.9157,20.9751],[105.9323,20.9735],[105.9386,20.9677],[105.9486,20.9695],[105.9527,20.9684],[105.9596,20.9642],[105.9645,20.9634],[105.9652,20.9725],[105.9618,20.9759],[105.9643,20.9832],[105.9618,20.9883],[105.9655,20.991],[105.9692,20.9887],[105.9726,20.9897],[105.9712,20.9952],[105.9777,20.9994],[105.9814,20.9972],[105.9864,20.9969],[105.9919,21.001],[106.0012,21.0003],[105.9991,21.0066],[106.0085,21.0082],[106.0094,21.0124],[106.0034,21.0174],[106.007,21.0242],[106.0064,21.0289],[106.0127,21.0302],[106.0165,21.0344],[106.0201,21.0414],[106.02,21.0475],[106.014,21.0509],[106.0144,21.0559],[106.0071,21.0577],[106.0067,21.063],[105.9995,21.0745],[105.9936,21.069],[105.9769,21.0703],[105.9689,21.0736],[105.962,21.0779],[105.9599,21.0883],[105.9579,21.0913],[105.9457,21.085],[105.9402,21.0834],[105.9409,21.089],[105.9381,21.0939],[105.9346,21.0966],[105.9364,21.1016],[105.9294,21.1126],[105.9156,21.119],[105.9128,21.1265],[105.9193,21.1299],[105.9178,21.132],[105.9263,21.1403],[105.9256,21.147],[105.9234,21.1473],[105.9195,21.1554],[105.9229,21.1617],[105.9193,21.1632],[105.9169,21.1716],[105.9212,21.1737],[105.9202,21.1783],[105.9237,21.1827],[105.9152,21.1873],[105.9122,21.1923],[105.9071,21.1924],[105.9043,21.1992],[105.9134,21.2027],[105.9103,21.2059],[105.9148,21.2082],[105.9145,21.2182],[105.9089,21.2248],[105.9042,21.2274],[105.9089,21.231],[105.9154,21.2322],[105.9269,21.2385],[105.9263,21.2447],[105.934,21.2454],[105.9384,21.2472],[105.9236,21.2683],[105.9222,21.2726],[105.9222,21.2821],[105.9232,21.2876],[105.9299,21.2912],[105.9284,21.2954],[105.9187,21.2941],[105.9153,21.2978],[105.9175,21.3041],[105.915,21.3054],[105.908,21.3015],[105.901,21.304],[105.8972,21.3076],[105.8986,21.3148],[105.8992,21.3249],[105.8928,21.3265],[105.8886,21.3254],[105.8838,21.3275],[105.8767,21.3276],[105.8717,21.3297],[105.8672,21.3278],[105.8658,21.3334],[105.862,21.3384],[105.8588,21.338],[105.8533,21.3482],[105.8545,21.352],[105.8518,21.3553],[105.8527,21.3616],[105.8589,21.3737],[105.8558,21.3765],[105.8494,21.3743],[105.8472,21.3774],[105.8397,21.3774],[105.832,21.3733],[105.8307,21.3752],[105.8214,21.3781],[105.8165,21.3828],[105.8136,21.3812],[105.8005,21.3847],[105.7986,21.3817],[105.7905,21.3781],[105.7877,21.3749],[105.7865,21.3641],[105.7846,21.3596]]]},"properties":{"Ma":"01","Cap":1,"STT":12,"TinhThanh":"Hà Nội","SapNhap":"Hà Nội","SoXa":126,"Loai":"Thành phố","Dtich_km2":3359.6,"DanSo_ng":8807523,"MD_ngkm2":2621.6,"label_lng":105.69994,"label_lat":20.99901}},{"type":"Feature","geometry":{"type":"MultiPolygon","coordinates":[[[[106.1274,20.9837],[106.1323,20.9781],[106.1379,20.9743],[106.1328,20.9687],[106.1351,20.9603],[106.1409,20.9604],[106.1487,20.9585],[106.1588,20.951],[106.1575,20.9477],[106.1507,20.9443],[106.1527,20.9417],[106.1515,20.9344],[106.1486,20.9276],[106.1496,20.9244],[106.154,20.9236],[106.1554,20.9173],[106.1463,20.913],[106.1422,20.9076],[106.1369,20.9047],[106.1382,20.8955],[106.1466,20.8887],[106.1461,20.8807],[106.1432,20.878],[106.1416,20.8693],[106.1415,20.8593],[106.1364,20.8509],[106.1325,20.8511],[106.1263,20.8481],[106.1293,20.8454],[106.1287,20.8373],[106.1247,20.8332],[106.1244,20.8301],[106.1306,20.8287],[106.1367,20.8232],[106.14,20.8176],[106.1371,20.8094],[106.131,20.8065],[106.1416,20.7981],[106.1417,20.7939],[106.1481,20.7849],[106.1574,20.7797],[106.162,20.7842],[106.1664,20.7843],[106.1711,20.779],[106.1754,20.7775],[106.1746,20.7717],[106.1801,20.764],[106.1849,20.7633],[106.1889,20.7667],[106.193,20.7657],[106.1993,20.7549],[106.2033,20.7521],[106.2152,20.7503],[106.2187,20.7399],[106.2185,20.7321],[106.2146,20.7327],[106.2128,20.7289],[106.2194,20.7242],[106.2244,20.7167],[106.2248,20.7116],[106.2277,20.7051],[106.2339,20.7028],[106.2434,20.6961],[106.249,20.6867],[106.258,20.6878],[106.2651,20.6843],[106.2671,20.6881],[106.2582,20.6889],[106.253,20.6905],[106.2492,20.6949],[106.2519,20.6993],[106.2609,20.7038],[106.2668,20.7035],[106.2722,20.6951],[106.2753,20.6929],[106.2849,20.6933],[106.2898,20.6954],[106.2873,20.7001],[106.2828,20.7047],[106.2836,20.7107],[106.2861,20.7114],[106.2922,20.7087],[106.2948,20.7056],[106.2937,20.6966],[106.2988,20.6911],[106.3032,20.6903],[106.3103,20.6948],[106.32,20.6992],[106.3249,20.7029],[106.3316,20.71],[106.3376,20.7116],[106.342,20.7093],[106.3466,20.7022],[106.3541,20.7005],[106.3618,20.7026],[106.3692,20.7084],[106.3736,20.7105],[106.3823,20.7118],[106.4018,20.729],[106.4075,20.7285],[106.4089,20.7223],[106.4172,20.7168],[106.4161,20.7131],[106.4123,20.7123],[106.414,20.7065],[106.4107,20.7042],[106.4023,20.6935],[106.4004,20.6889],[106.4059,20.6872],[106.4265,20.6718],[106.4402,20.6601],[106.4486,20.646],[106.4551,20.6391],[106.4549,20.6325],[106.4501,20.6217],[106.4506,20.6197],[106.4598,20.6176],[106.4672,20.6121],[106.4696,20.6066],[106.4703,20.5994],[106.4741,20.598],[106.4823,20.5996],[106.4894,20.6092],[106.492,20.6157],[106.5061,20.6151],[106.5146,20.612],[106.518,20.6085],[106.5195,20.6024],[106.5289,20.6027],[106.54,20.6083],[106.5419,20.6156],[106.5413,20.6214],[106.5461,20.6267],[106.5513,20.6276],[106.5609,20.6257],[106.5647,20.621],[106.5695,20.6199],[106.5861,20.6278],[106.5916,20.6353],[106.6014,20.6396],[106.6066,20.6312],[106.6118,20.6271],[106.6167,20.6254],[106.6229,20.6253],[106.6306,20.6277],[106.6347,20.6276],[106.6423,20.6243],[106.6507,20.6181],[106.6566,20.6124],[106.6902,20.6326],[106.6946,20.6379],[106.7013,20.6485],[106.7084,20.6631],[106.7074,20.6698],[106.7077,20.6856],[106.7168,20.6863],[106.7247,20.6907],[106.7291,20.6951],[106.743,20.7044],[106.767,20.7148],[106.7699,20.7095],[106.7738,20.708],[106.7735,20.7045],[106.7859,20.7009],[106.7848,20.6963],[106.7929,20.6938],[106.7923,20.6872],[106.7954,20.6824],[106.8037,20.6789],[106.8019,20.6835],[106.7961,20.6844],[106.7962,20.6903],[106.7982,20.6955],[106.7931,20.6975],[106.792,20.7043],[106.7989,20.7138],[106.8018,20.7201],[106.7923,20.7223],[106.7894,20.725],[106.7835,20.7408],[106.7774,20.7507],[106.7722,20.7691],[106.7699,20.7712],[106.7609,20.7745],[106.7635,20.7794],[106.7643,20.7889],[106.77,20.7955],[106.8227,20.7912],[106.8604,20.7903],[106.8695,20.7923],[106.8794,20.7958],[106.8861,20.7934],[106.902,20.7996],[106.902,20.8054],[106.8954,20.8091],[106.8915,20.8151],[106.8848,20.8189],[106.882,20.8235],[106.8749,20.828],[106.8736,20.8338],[106.8447,20.8194],[106.8331,20.812],[106.8246,20.8233],[106.8166,20.829],[106.8083,20.8311],[106.7887,20.832],[106.7808,20.8359],[106.7717,20.8433],[106.7656,20.8497],[106.7574,20.8641],[106.7527,20.879],[106.7531,20.8829],[106.7565,20.8912],[106.766,20.9014],[106.7711,20.9136],[106.7717,20.9242],[106.7691,20.9429],[106.7696,20.9581],[106.7688,20.9711],[106.7657,20.9795],[106.7568,20.9918],[106.7474,20.9975],[106.7403,20.999],[106.7237,20.9967],[106.7087,20.9991],[106.686,21.0054],[106.677,21.0101],[106.6531,21.019],[106.6471,21.0193],[106.642,21.0148],[106.6342,21.0114],[106.6235,21.0121],[106.6157,21.0198],[106.6107,21.0211],[106.609,21.0298],[106.6023,21.0385],[106.5962,21.0406],[106.5855,21.0501],[106.5773,21.0563],[106.5721,21.0563],[106.5685,21.0531],[106.5625,21.0561],[106.5557,21.0529],[106.546,21.0546],[106.5375,21.0521],[106.5331,21.0475],[106.524,21.0492],[106.5187,21.0478],[106.5171,21.0514],[106.5177,21.059],[106.5088,21.0586],[106.5036,21.0565],[106.4986,21.0607],[106.4873,21.0679],[106.4767,21.0695],[106.4584,21.0649],[106.4552,21.0657],[106.454,21.0699],[106.4473,21.07],[106.4455,21.0759],[106.4406,21.0797],[106.4443,21.0845],[106.4456,21.0896],[106.4507,21.0944],[106.4497,21.0966],[106.4433,21.1008],[106.439,21.1073],[106.4423,21.1098],[106.4415,21.1169],[106.4524,21.1184],[106.4616,21.1151],[106.4655,21.1177],[106.473,21.1188],[106.4738,21.1227],[106.4838,21.1287],[106.4812,21.1334],[106.4841,21.1365],[106.4837,21.145],[106.4797,21.1461],[106.4833,21.1606],[106.4892,21.1664],[106.487,21.1724],[106.4929,21.1835],[106.4969,21.1847],[106.4945,21.1991],[106.5003,21.2008],[106.5008,21.2033],[106.4984,21.2112],[106.5019,21.2244],[106.4988,21.2274],[106.4873,21.2287],[106.481,21.2284],[106.4743,21.2304],[106.4659,21.226],[106.4584,21.2293],[106.4556,21.2327],[106.4524,21.2305],[106.4463,21.2311],[106.4437,21.2288],[106.4347,21.2286],[106.4319,21.2312],[106.4258,21.2317],[106.4227,21.2234],[106.4174,21.2231],[106.4151,21.2134],[106.4125,21.2078],[106.4012,21.2043],[106.3934,21.203],[106.3888,21.1978],[106.3824,21.1959],[106.3741,21.1954],[106.3735,21.1892],[106.371,21.1843],[106.3643,21.1788],[106.3651,21.1744],[106.3604,21.1715],[106.3562,21.1728],[106.3516,21.1711],[106.3478,21.1735],[106.3452,21.1716],[106.3364,21.1724],[106.332,21.1748],[106.3307,21.1814],[106.3228,21.1847],[106.3246,21.1922],[106.3148,21.1934],[106.3105,21.19],[106.3091,21.1848],[106.3102,21.1786],[106.3155,21.1673],[106.3212,21.1585],[106.3229,21.1532],[106.3216,21.1432],[106.3175,21.1358],[106.3117,21.1289],[106.3052,21.1265],[106.2984,21.1206],[106.2959,21.1141],[106.2957,21.1051],[106.3025,21.0857],[106.3023,21.0737],[106.3038,21.0696],[106.3106,21.0589],[106.3067,21.0526],[106.3021,21.0491],[106.2927,21.0395],[106.292,21.0348],[106.2952,21.0253],[106.2933,21.0186],[106.2795,21.0096],[106.2733,21.0036],[106.272,20.999],[106.273,20.9917],[106.267,20.9878],[106.2594,20.99],[106.2529,20.9965],[106.2463,20.9977],[106.2448,20.9914],[106.2403,20.9918],[106.2334,20.9955],[106.2264,20.994],[106.2205,20.9958],[106.2203,20.9896],[106.2153,20.9888],[106.2096,20.9845],[106.203,20.9833],[106.1918,20.9791],[106.188,20.9809],[106.1747,20.9754],[106.1688,20.97],[106.1632,20.9755],[106.1695,20.9848],[106.1594,20.9902],[106.1571,20.9882],[106.151,20.9888],[106.1462,20.9944],[106.1381,21.0013],[106.1319,20.9993],[106.1274,20.9837]]],[[[106.934,20.8226],[106.9326,20.8232],[106.9323,20.825],[106.9304,20.8273],[106.9192,20.8241],[106.9141,20.8163],[106.9198,20.8071],[106.9219,20.801],[106.9284,20.8],[106.9306,20.802],[106.9302,20.8068],[106.9339,20.8099],[106.9335,20.8156],[106.9348,20.8173],[106.9373,20.8179],[106.934,20.8226]]],[[[106.9351,20.8216],[106.9377,20.8179],[106.9427,20.8196],[106.9406,20.8243],[106.9379,20.8225],[106.9351,20.8216]]],[[[106.9378,20.8274],[106.9354,20.8305],[106.9317,20.8281],[106.9337,20.8228],[106.938,20.8228],[106.9395,20.824],[106.9378,20.8274]]],[[[106.9341,20.8455],[106.9301,20.8495],[106.925,20.8493],[106.9199,20.846],[106.9116,20.833],[106.9111,20.8302],[106.9061,20.8266],[106.9121,20.8199],[106.9154,20.8211],[106.9206,20.8264],[106.9293,20.8278],[106.9346,20.8312],[106.9405,20.831],[106.9465,20.8348],[106.9471,20.8393],[106.942,20.8459],[106.9341,20.8455]]],[[[106.9662,20.8751],[106.9628,20.873],[106.9645,20.8657],[106.9673,20.8609],[106.9726,20.86],[106.977,20.8693],[106.9686,20.8709],[106.9662,20.8751]]],[[[107.0258,20.7106],[107.0219,20.7157],[107.018,20.7148],[107.0194,20.7095],[107.0258,20.7106]]],[[[106.9542,20.8736],[106.9502,20.8771],[106.95,20.8669],[106.9473,20.8678],[106.9431,20.8631],[106.9486,20.8613],[106.9507,20.8566],[106.9502,20.8496],[106.9477,20.849],[106.95,20.8421],[106.9457,20.8271],[106.9484,20.8199],[106.9466,20.8152],[106.9423,20.8181],[106.9348,20.8166],[106.9351,20.8126],[106.934,20.8095],[106.9308,20.807],[106.931,20.8019],[106.9286,20.7995],[106.9248,20.7992],[106.9173,20.802],[106.9184,20.7977],[106.9286,20.7955],[106.9453,20.7945],[106.9521,20.7933],[106.9533,20.7902],[106.9613,20.7834],[106.9631,20.7767],[106.9717,20.7729],[106.9701,20.7685],[106.9751,20.7662],[106.9756,20.7623],[106.9732,20.7571],[106.9754,20.7517],[106.9815,20.7496],[106.986,20.7462],[106.9884,20.7395],[106.993,20.7383],[106.9908,20.7446],[106.9959,20.7465],[106.999,20.7503],[107.0051,20.7498],[107.0071,20.7451],[107.012,20.7444],[107.017,20.7469],[107.0199,20.738],[107.0278,20.7407],[107.0367,20.7351],[107.0329,20.7326],[107.0274,20.7355],[107.0145,20.7327],[107.0171,20.7272],[107.0233,20.7234],[107.0252,20.7274],[107.0285,20.7268],[107.032,20.7214],[107.0345,20.7251],[107.0309,20.7316],[107.0406,20.7296],[107.0401,20.7245],[107.0472,20.7256],[107.0512,20.722],[107.0485,20.7161],[107.0597,20.7223],[107.0567,20.7273],[107.0606,20.7373],[107.0553,20.7442],[107.0576,20.748],[107.0653,20.7441],[107.0671,20.7418],[107.0656,20.736],[107.0706,20.7367],[107.0726,20.7418],[107.0716,20.7454],[107.061,20.7525],[107.055,20.7526],[107.0438,20.7588],[107.0416,20.7649],[107.0357,20.77],[107.042,20.7715],[107.0419,20.7661],[107.0458,20.7622],[107.0479,20.7655],[107.0535,20.7665],[107.0565,20.77],[107.0455,20.7719],[107.0465,20.7743],[107.0528,20.7745],[107.063,20.7804],[107.0646,20.7785],[107.0725,20.783],[107.0702,20.7919],[107.0632,20.7971],[107.0615,20.8056],[107.0548,20.8109],[107.0574,20.8148],[107.0634,20.8147],[107.0632,20.8069],[107.0682,20.7974],[107.0756,20.7865],[107.0849,20.7877],[107.0844,20.778],[107.0875,20.7771],[107.0937,20.7808],[107.0989,20.7819],[107.0948,20.7859],[107.0951,20.7917],[107.0855,20.7974],[107.0838,20.8024],[107.09,20.8057],[107.0924,20.7974],[107.0969,20.7957],[107.0975,20.7922],[107.1059,20.7932],[107.1091,20.798],[107.1058,20.8041],[107.103,20.8005],[107.0991,20.8013],[107.0994,20.8059],[107.0963,20.81],[107.0923,20.8069],[107.0902,20.8168],[107.0862,20.817],[107.0821,20.8214],[107.0761,20.824],[107.0715,20.8151],[107.0669,20.8207],[107.0628,20.8182],[107.0588,20.8225],[107.0583,20.8256],[107.0608,20.8301],[107.0571,20.8333],[107.0543,20.8282],[107.0473,20.8245],[107.0507,20.8219],[107.0471,20.8185],[107.0435,20.8255],[107.0439,20.8356],[107.0465,20.842],[107.0461,20.8469],[107.0406,20.8496],[107.0406,20.8525],[107.0369,20.8608],[107.0314,20.8597],[107.0247,20.8625],[107.0084,20.8598],[107.0081,20.8517],[107.0125,20.8474],[107.0078,20.8459],[107.0008,20.8488],[107.0038,20.8536],[107.0027,20.8576],[106.9947,20.8617],[106.9878,20.8589],[106.9852,20.8537],[106.9854,20.8482],[106.9811,20.8494],[106.9812,20.8527],[106.9716,20.8563],[106.964,20.8536],[106.9561,20.8547],[106.9517,20.8627],[106.9552,20.8674],[106.9542,20.8736]]],[[[107.0666,20.7322],[107.0617,20.7285],[107.0665,20.7261],[107.0666,20.7322]]],[[[107.0857,20.7744],[107.0814,20.7737],[107.0847,20.766],[107.0879,20.7632],[107.0915,20.7641],[107.0902,20.7691],[107.0944,20.7714],[107.0921,20.7746],[107.0857,20.7744]]],[[[107.7441,20.1579],[107.7462,20.1659],[107.734,20.1644],[107.7289,20.1615],[107.7271,20.1574],[107.7204,20.1518],[107.7119,20.1481],[107.7031,20.1418],[107.6951,20.1396],[107.6883,20.1337],[107.6856,20.1284],[107.6794,20.124],[107.6822,20.1218],[107.6917,20.1234],[107.6982,20.1208],[107.7068,20.1242],[107.7134,20.1234],[107.7207,20.118],[107.7257,20.1199],[107.7274,20.1246],[107.7308,20.1282],[107.7318,20.1342],[107.7307,20.1421],[107.7346,20.1435],[107.7393,20.1495],[107.7441,20.1579]]],[[[107.1579,20.6268],[107.1556,20.6226],[107.1599,20.6199],[107.1625,20.6235],[107.1579,20.6268]]]]},"properties":{"Ma":"04","Cap":1,"STT":14,"TinhThanh":"Hải Phòng","SapNhap":"Hải Phòng, Hải Dương","SoXa":114,"Loai":"Thành phố","Dtich_km2":3195.2,"DanSo_ng":4664124,"MD_ngkm2":1459.7,"label_lng":106.47371,"label_lat":20.87538}},{"type":"Feature","geometry":{"type":"MultiPolygon","coordinates":[[[[106.6042,20.4386],[106.6038,20.4299],[106.5991,20.4257],[106.5962,20.4181],[106.5989,20.4174],[106.6092,20.4293],[106.6115,20.4385],[106.6085,20.4443],[106.6059,20.4437],[106.6042,20.4386]]],[[[106.6006,20.4924],[106.6024,20.4764],[106.6007,20.4715],[106.6051,20.4706],[106.6059,20.4776],[106.6029,20.4975],[106.6006,20.4924]]],[[[106.0033,20.7038],[106.0107,20.7026],[106.0243,20.6964],[106.0346,20.6819],[106.0371,20.6762],[106.0372,20.6637],[106.0321,20.648],[106.0324,20.6403],[106.0386,20.6279],[106.0541,20.6116],[106.0651,20.6049],[106.0766,20.6031],[106.0829,20.6059],[106.0877,20.6108],[106.0965,20.616],[106.1028,20.6183],[106.1087,20.6174],[106.1151,20.6133],[106.1256,20.6025],[106.1292,20.5949],[106.1295,20.5811],[106.1333,20.5732],[106.137,20.5707],[106.1578,20.5651],[106.1619,20.5635],[106.1694,20.5548],[106.1731,20.5466],[106.1775,20.5275],[106.1794,20.512],[106.1784,20.4955],[106.1833,20.4849],[106.1915,20.4795],[106.2007,20.4796],[106.2113,20.4782],[106.2194,20.475],[106.2255,20.4677],[106.2251,20.4577],[106.2207,20.4462],[106.21,20.4293],[106.2108,20.4218],[106.2178,20.4127],[106.223,20.4095],[106.2324,20.4066],[106.2407,20.4055],[106.2586,20.4064],[106.2752,20.4045],[106.2796,20.4027],[106.2837,20.3985],[106.2866,20.3893],[106.2855,20.3833],[106.2828,20.3788],[106.2742,20.3721],[106.2609,20.3631],[106.2542,20.3559],[106.2521,20.3484],[106.2524,20.342],[106.257,20.3319],[106.2625,20.3275],[106.272,20.3269],[106.2808,20.3308],[106.2977,20.3421],[106.308,20.3523],[106.3213,20.3612],[106.3322,20.3732],[106.3363,20.3767],[106.3424,20.3759],[106.3492,20.3623],[106.3562,20.3535],[106.3653,20.3477],[106.3721,20.345],[106.3888,20.3439],[106.3964,20.34],[106.4072,20.3317],[106.4188,20.3148],[106.43,20.3017],[106.4373,20.2961],[106.4508,20.2908],[106.4606,20.2891],[106.474,20.2906],[106.4829,20.2938],[106.4882,20.2975],[106.4956,20.3069],[106.5019,20.3091],[106.513,20.3091],[106.5236,20.3155],[106.5271,20.3163],[106.5321,20.3127],[106.5393,20.3028],[106.554,20.29],[106.5676,20.2753],[106.5799,20.2642],[106.5926,20.2403],[106.6023,20.2502],[106.6052,20.2564],[106.6104,20.2853],[106.6153,20.3035],[106.6153,20.3059],[106.6108,20.312],[106.605,20.3167],[106.5944,20.3232],[106.5794,20.3544],[106.5791,20.3628],[106.5774,20.3681],[106.5817,20.3754],[106.5834,20.3876],[106.5894,20.4082],[106.596,20.4255],[106.6009,20.4463],[106.5977,20.4689],[106.6016,20.4759],[106.5996,20.4926],[106.597,20.5004],[106.5863,20.5073],[106.5811,20.5162],[106.5825,20.526],[106.5865,20.5326],[106.5853,20.5372],[106.5901,20.5406],[106.5851,20.5502],[106.5954,20.5631],[106.6085,20.5775],[106.6149,20.582],[106.6269,20.5869],[106.6294,20.5907],[106.6365,20.5966],[106.6429,20.5979],[106.6444,20.6037],[106.65,20.6086],[106.6566,20.6124],[106.6507,20.6181],[106.6423,20.6243],[106.6347,20.6276],[106.6306,20.6277],[106.6229,20.6253],[106.6167,20.6254],[106.6118,20.6271],[106.6066,20.6312],[106.6014,20.6396],[106.5916,20.6353],[106.5861,20.6278],[106.5695,20.6199],[106.5647,20.621],[106.5609,20.6257],[106.5513,20.6276],[106.5461,20.6267],[106.5413,20.6214],[106.5419,20.6156],[106.54,20.6083],[106.5289,20.6027],[106.5195,20.6024],[106.518,20.6085],[106.5146,20.612],[106.5061,20.6151],[106.492,20.6157],[106.4894,20.6092],[106.4823,20.5996],[106.4741,20.598],[106.4703,20.5994],[106.4696,20.6066],[106.4672,20.6121],[106.4598,20.6176],[106.4506,20.6197],[106.4501,20.6217],[106.4549,20.6325],[106.4551,20.6391],[106.4486,20.646],[106.4402,20.6601],[106.4265,20.6718],[106.4059,20.6872],[106.4004,20.6889],[106.4023,20.6935],[106.4107,20.7042],[106.414,20.7065],[106.4123,20.7123],[106.4161,20.7131],[106.4172,20.7168],[106.4089,20.7223],[106.4075,20.7285],[106.4018,20.729],[106.3823,20.7118],[106.3736,20.7105],[106.3692,20.7084],[106.3618,20.7026],[106.3541,20.7005],[106.3466,20.7022],[106.342,20.7093],[106.3376,20.7116],[106.3316,20.71],[106.3249,20.7029],[106.32,20.6992],[106.3103,20.6948],[106.3032,20.6903],[106.2988,20.6911],[106.2937,20.6966],[106.2948,20.7056],[106.2922,20.7087],[106.2861,20.7114],[106.2836,20.7107],[106.2828,20.7047],[106.2873,20.7001],[106.2898,20.6954],[106.2849,20.6933],[106.2753,20.6929],[106.2722,20.6951],[106.2668,20.7035],[106.2609,20.7038],[106.2519,20.6993],[106.2492,20.6949],[106.253,20.6905],[106.2582,20.6889],[106.2671,20.6881],[106.2651,20.6843],[106.258,20.6878],[106.249,20.6867],[106.2434,20.6961],[106.2339,20.7028],[106.2277,20.7051],[106.2248,20.7116],[106.2244,20.7167],[106.2194,20.7242],[106.2128,20.7289],[106.2146,20.7327],[106.2185,20.7321],[106.2187,20.7399],[106.2152,20.7503],[106.2033,20.7521],[106.1993,20.7549],[106.193,20.7657],[106.1889,20.7667],[106.1849,20.7633],[106.1801,20.764],[106.1746,20.7717],[106.1754,20.7775],[106.1711,20.779],[106.1664,20.7843],[106.162,20.7842],[106.1574,20.7797],[106.1481,20.7849],[106.1417,20.7939],[106.1416,20.7981],[106.131,20.8065],[106.1371,20.8094],[106.14,20.8176],[106.1367,20.8232],[106.1306,20.8287],[106.1244,20.8301],[106.1247,20.8332],[106.1287,20.8373],[106.1293,20.8454],[106.1263,20.8481],[106.1325,20.8511],[106.1364,20.8509],[106.1415,20.8593],[106.1416,20.8693],[106.1432,20.878],[106.1461,20.8807],[106.1466,20.8887],[106.1382,20.8955],[106.1369,20.9047],[106.1422,20.9076],[106.1463,20.913],[106.1554,20.9173],[106.154,20.9236],[106.1496,20.9244],[106.1486,20.9276],[106.1515,20.9344],[106.1527,20.9417],[106.1507,20.9443],[106.1575,20.9477],[106.1588,20.951],[106.1487,20.9585],[106.1409,20.9604],[106.1351,20.9603],[106.1328,20.9687],[106.1379,20.9743],[106.1323,20.9781],[106.1274,20.9837],[106.12,20.9849],[106.1152,20.9834],[106.1157,20.9957],[106.1092,20.9997],[106.1021,20.9973],[106.0898,21.0071],[106.084,21.0047],[106.0825,20.9983],[106.077,20.9954],[106.0658,21.0011],[106.0596,21.0003],[106.0511,21.007],[106.0469,21.004],[106.042,21.0036],[106.0374,20.9985],[106.0285,20.9931],[106.0226,20.9944],[106.0183,20.9973],[106.0171,21.0015],[106.0124,21.0023],[106.0113,20.9988],[106.0058,20.9985],[106.0012,21.0003],[105.9919,21.001],[105.9864,20.9969],[105.9814,20.9972],[105.9777,20.9994],[105.9712,20.9952],[105.9726,20.9897],[105.9692,20.9887],[105.9655,20.991],[105.9618,20.9883],[105.9643,20.9832],[105.9618,20.9759],[105.9652,20.9725],[105.9645,20.9634],[105.9596,20.9642],[105.9527,20.9684],[105.9486,20.9695],[105.9386,20.9677],[105.9323,20.9735],[105.9157,20.9751],[105.907,20.9581],[105.9056,20.9508],[105.9036,20.9472],[105.9104,20.9422],[105.9152,20.9371],[105.9091,20.9265],[105.9162,20.9212],[105.9132,20.9148],[105.9028,20.9079],[105.8971,20.9029],[105.8949,20.8988],[105.8967,20.8925],[105.9005,20.8898],[105.9095,20.8866],[105.9236,20.879],[105.9331,20.8723],[105.936,20.8671],[105.9361,20.8561],[105.932,20.8501],[105.922,20.8455],[105.9153,20.8399],[105.9118,20.8316],[105.9114,20.8231],[105.9125,20.8167],[105.9193,20.7972],[105.9247,20.7891],[105.9298,20.7855],[105.9374,20.7833],[105.9575,20.7801],[105.9642,20.7775],[105.9695,20.7695],[105.9677,20.7574],[105.9677,20.7505],[105.9701,20.7346],[105.9658,20.7318],[105.9622,20.7264],[105.9628,20.7202],[105.9667,20.7096],[105.9715,20.7018],[105.976,20.699],[105.9848,20.7004],[105.9894,20.7036],[106.0033,20.7038]]]]},"properties":{"Ma":"05","Cap":1,"STT":16,"TinhThanh":"Hưng Yên","SapNhap":"Hưng Yên, Thái Bình","SoXa":104,"Loai":"Tỉnh","Dtich_km2":2514.9,"DanSo_ng":3567943,"MD_ngkm2":1418.7,"label_lng":106.27162,"label_lat":20.61783}},{"type":"Feature","geometry":{"type":"Polygon","coordinates":[[[102.3218,22.5473],[102.324,22.5464],[102.329,22.5363],[102.3398,22.5273],[102.3378,22.5225],[102.3389,22.5176],[102.344,22.5111],[102.345,22.5055],[102.3485,22.5045],[102.3491,22.4982],[102.3474,22.4895],[102.3569,22.4904],[102.3586,22.4882],[102.361,22.4771],[102.3709,22.472],[102.3819,22.4703],[102.3868,22.4675],[102.3922,22.4576],[102.3936,22.4496],[102.3912,22.4451],[102.3912,22.44],[102.3965,22.4335],[102.3966,22.4254],[102.3981,22.4186],[102.3945,22.4188],[102.3877,22.412],[102.3954,22.4007],[102.3995,22.402],[102.4105,22.3884],[102.418,22.389],[102.4245,22.3825],[102.4248,22.3762],[102.4265,22.3711],[102.4326,22.3692],[102.4363,22.3659],[102.4416,22.3666],[102.4492,22.3612],[102.4533,22.353],[102.4572,22.3501],[102.4562,22.3427],[102.4675,22.3347],[102.4701,22.3289],[102.4736,22.3278],[102.4748,22.3206],[102.4821,22.3134],[102.4849,22.3075],[102.4911,22.3027],[102.4903,22.2978],[102.4951,22.2927],[102.4979,22.2926],[102.5028,22.2883],[102.5094,22.2793],[102.5099,22.2724],[102.5125,22.2688],[102.5147,22.261],[102.5202,22.2574],[102.5247,22.2525],[102.5306,22.2495],[102.5341,22.246],[102.5444,22.2425],[102.5538,22.2435],[102.559,22.2502],[102.5593,22.254],[102.5636,22.2601],[102.5793,22.2606],[102.5873,22.2521],[102.5934,22.2491],[102.5948,22.2462],[102.601,22.2438],[102.6047,22.2394],[102.611,22.2393],[102.6157,22.2358],[102.6186,22.2358],[102.6211,22.2277],[102.6165,22.2224],[102.619,22.2078],[102.6172,22.2031],[102.6221,22.1982],[102.6293,22.1877],[102.6369,22.1872],[102.6373,22.1815],[102.6401,22.1771],[102.6465,22.1747],[102.6541,22.176],[102.661,22.175],[102.6685,22.1704],[102.6697,22.1682],[102.6771,22.169],[102.681,22.1735],[102.6824,22.1788],[102.6865,22.1821],[102.6882,22.1927],[102.6944,22.1971],[102.6979,22.209],[102.695,22.2149],[102.695,22.2198],[102.6894,22.225],[102.6869,22.2305],[102.6875,22.2366],[102.6803,22.2423],[102.6697,22.2487],[102.6688,22.2509],[102.6625,22.2536],[102.6684,22.2564],[102.6765,22.2619],[102.6815,22.2563],[102.6954,22.2452],[102.698,22.2464],[102.7051,22.2435],[102.7107,22.2381],[102.7142,22.2411],[102.721,22.238],[102.7291,22.2382],[102.7286,22.2354],[102.7343,22.2335],[102.735,22.2301],[102.7393,22.2283],[102.7407,22.2228],[102.7469,22.2188],[102.7517,22.2038],[102.7496,22.1988],[102.7511,22.1936],[102.7479,22.1873],[102.7469,22.177],[102.7388,22.1724],[102.737,22.1639],[102.7408,22.1517],[102.7393,22.1466],[102.7411,22.1423],[102.7436,22.1309],[102.7483,22.1294],[102.756,22.1246],[102.7574,22.1204],[102.7624,22.1164],[102.7678,22.1172],[102.7766,22.1037],[102.7808,22.099],[102.7759,22.0935],[102.7778,22.0885],[102.7813,22.0859],[102.7896,22.0833],[102.7918,22.0809],[102.7998,22.0777],[102.8147,22.0696],[102.8201,22.0652],[102.8283,22.0637],[102.8405,22.0659],[102.855,22.0656],[102.8577,22.0608],[102.8619,22.0612],[102.865,22.0736],[102.868,22.0779],[102.8793,22.0802],[102.888,22.0754],[102.897,22.0761],[102.901,22.079],[102.9058,22.0867],[102.9106,22.0873],[102.9132,22.0912],[102.9218,22.0904],[102.9255,22.0917],[102.9246,22.1065],[102.9319,22.1036],[102.9331,22.0953],[102.9346,22.0929],[102.9347,22.0841],[102.9283,22.0767],[102.93,22.0686],[102.9364,22.0682],[102.944,22.0661],[102.9472,22.059],[102.955,22.0558],[102.9572,22.0514],[102.9604,22.0501],[102.9641,22.0408],[102.9614,22.0378],[102.9699,22.0297],[102.975,22.0305],[102.981,22.029],[102.9853,22.026],[102.9903,22.0286],[102.9916,22.0343],[102.9951,22.0359],[102.994,22.0434],[102.9985,22.0514],[103.0034,22.0502],[103.0072,22.0527],[103.0134,22.0527],[103.0224,22.056],[103.0272,22.0519],[103.039,22.0477],[103.0454,22.0484],[103.0561,22.0533],[103.0591,22.0612],[103.0647,22.063],[103.0718,22.0586],[103.0767,22.0575],[103.0856,22.0584],[103.0949,22.0577],[103.0956,22.0656],[103.0897,22.0701],[103.0952,22.0765],[103.0962,22.0839],[103.0997,22.0871],[103.1026,22.1018],[103.1139,22.099],[103.1218,22.095],[103.1285,22.0805],[103.1333,22.0739],[103.1473,22.0672],[103.15,22.0703],[103.1506,22.0751],[103.1586,22.0765],[103.1659,22.0742],[103.1672,22.0794],[103.1711,22.0814],[103.1758,22.0766],[103.1907,22.0698],[103.2,22.0679],[103.2111,22.0703],[103.2253,22.0637],[103.2294,22.0598],[103.2436,22.0491],[103.2558,22.047],[103.2687,22.043],[103.2773,22.039],[103.2863,22.0393],[103.2912,22.0432],[103.2918,22.0498],[103.2882,22.0557],[103.2785,22.0638],[103.2734,22.0723],[103.2761,22.0802],[103.2834,22.0875],[103.2846,22.1034],[103.2875,22.1089],[103.2933,22.1127],[103.3024,22.113],[103.3089,22.116],[103.3064,22.125],[103.3169,22.1342],[103.3188,22.1421],[103.3276,22.1478],[103.3303,22.1523],[103.3368,22.1542],[103.3425,22.1528],[103.3553,22.1526],[103.3636,22.1545],[103.3731,22.1542],[103.381,22.1562],[103.3892,22.1569],[103.3922,22.1535],[103.3896,22.1477],[103.3942,22.1391],[103.403,22.1317],[103.4049,22.129],[103.4066,22.1151],[103.4134,22.0942],[103.4183,22.0851],[103.4199,22.075],[103.423,22.071],[103.431,22.0649],[103.4341,22.056],[103.4377,22.0551],[103.4443,22.0583],[103.4534,22.0539],[103.4572,22.0492],[103.4602,22.0409],[103.4641,22.0343],[103.4684,22.0299],[103.4685,22.0269],[103.4555,22.0172],[103.4523,22.0094],[103.4566,22.0054],[103.4596,22.0001],[103.4646,21.9967],[103.4682,21.9865],[103.4751,21.979],[103.4786,21.9773],[103.4898,21.9753],[103.4968,21.9698],[103.4993,21.9778],[103.5028,21.9812],[103.5085,21.9834],[103.5134,21.9924],[103.5113,21.9977],[103.5141,22.0027],[103.5106,22.0103],[103.5168,22.0138],[103.5216,22.0214],[103.525,22.0248],[103.5285,22.0243],[103.5354,22.0276],[103.546,22.0304],[103.5546,22.0236],[103.5614,22.0244],[103.5729,22.0188],[103.5812,22.019],[103.5841,22.0166],[103.5961,22.0124],[103.6076,22.012],[103.6133,22.0016],[103.6215,21.9964],[103.6259,21.9952],[103.6341,21.9898],[103.6454,21.9944],[103.652,21.9923],[103.6519,21.9859],[103.6578,21.9817],[103.6616,21.9715],[103.6594,21.9663],[103.6643,21.9569],[103.6664,21.9499],[103.6726,21.9466],[103.6862,21.943],[103.6887,21.9407],[103.69,21.9325],[103.6833,21.9213],[103.6879,21.9188],[103.6911,21.9137],[103.6967,21.9127],[103.7012,21.9099],[103.7064,21.9011],[103.705,21.8985],[103.7051,21.8843],[103.7147,21.8856],[103.715,21.8814],[103.7219,21.8797],[103.7212,21.8707],[103.7158,21.8616],[103.7126,21.8602],[103.7084,21.8538],[103.7062,21.8434],[103.6964,21.8378],[103.6942,21.8315],[103.6965,21.8255],[103.7029,21.8231],[103.711,21.8219],[103.7134,21.8193],[103.7156,21.8127],[103.7216,21.8106],[103.7239,21.8066],[103.7283,21.8058],[103.7323,21.8094],[103.7417,21.8101],[103.7444,21.808],[103.7551,21.8103],[103.7597,21.8082],[103.7587,21.8012],[103.7561,21.7969],[103.7536,21.7888],[103.7542,21.7803],[103.7582,21.7775],[103.7625,21.7806],[103.7689,21.7781],[103.7738,21.7793],[103.7792,21.7782],[103.7792,21.773],[103.7826,21.77],[103.7831,21.7633],[103.7902,21.7629],[103.7909,21.7591],[103.7957,21.7523],[103.8009,21.7492],[103.8074,21.737],[103.8147,21.7401],[103.8217,21.7361],[103.826,21.7351],[103.8295,21.7369],[103.8332,21.7438],[103.8368,21.7383],[103.8343,21.7358],[103.8353,21.7195],[103.8381,21.7164],[103.8378,21.7062],[103.842,21.7013],[103.8493,21.7009],[103.8534,21.6894],[103.8611,21.6929],[103.8653,21.6885],[103.8695,21.6886],[103.8722,21.6859],[103.8783,21.6859],[103.8813,21.688],[103.8824,21.7088],[103.8849,21.7051],[103.8917,21.7005],[103.903,21.6974],[103.9052,21.6948],[103.9179,21.6968],[103.9221,21.7006],[103.9228,21.7035],[103.92,21.7099],[103.9162,21.7116],[103.9121,21.7166],[103.9161,21.7198],[103.9182,21.7281],[103.9156,21.7348],[103.9213,21.7389],[103.9311,21.7436],[103.9383,21.7387],[103.9421,21.7434],[103.948,21.7439],[103.9532,21.7413],[103.9537,21.7464],[103.9514,21.7522],[103.9593,21.7573],[103.9635,21.758],[103.9655,21.7613],[103.9669,21.7709],[103.9625,21.7732],[103.9577,21.781],[103.956,21.7873],[103.9519,21.7882],[103.953,21.7972],[103.9509,21.8015],[103.945,21.8052],[103.9447,21.81],[103.9388,21.8116],[103.9341,21.8203],[103.9255,21.8261],[103.9174,21.8296],[103.92,21.8322],[103.9194,21.8381],[103.9101,21.8472],[103.897,21.8575],[103.8893,21.8652],[103.8893,21.8766],[103.8881,21.8787],[103.8884,21.8876],[103.8869,21.8917],[103.8891,21.9006],[103.886,21.9063],[103.8882,21.9134],[103.8935,21.9212],[103.9056,21.921],[103.9096,21.9231],[103.9159,21.9299],[103.9213,21.9322],[103.9256,21.9295],[103.929,21.9233],[103.9334,21.9234],[103.9357,21.9196],[103.943,21.9177],[103.9523,21.9279],[103.9606,21.9355],[103.963,21.9418],[103.9614,21.9443],[103.9716,21.9598],[103.9753,21.9595],[103.985,21.967],[103.981,21.972],[103.9747,21.9753],[103.9726,21.9812],[103.9677,21.9883],[103.9545,21.9999],[103.9614,22.0041],[103.9654,22.0114],[103.9648,22.0144],[103.9549,22.0232],[103.9531,22.0262],[103.956,22.033],[103.9573,22.0489],[103.9552,22.052],[103.9524,22.0648],[103.9481,22.0689],[103.9474,22.0729],[103.9437,22.075],[103.9432,22.08],[103.9384,22.0815],[103.9386,22.0878],[103.944,22.0986],[103.9443,22.106],[103.9427,22.1108],[103.9368,22.1192],[103.9365,22.1241],[103.9387,22.133],[103.9381,22.1398],[103.925,22.142],[103.9223,22.1414],[103.9113,22.1467],[103.9052,22.1558],[103.8973,22.1589],[103.8946,22.1658],[103.887,22.1745],[103.8744,22.1759],[103.8685,22.1782],[103.8683,22.1783],[103.8635,22.1832],[103.8651,22.1871],[103.8706,22.1898],[103.8711,22.2003],[103.8658,22.2038],[103.8551,22.2069],[103.8506,22.2163],[103.8492,22.2215],[103.841,22.2258],[103.8399,22.2312],[103.8424,22.2363],[103.8381,22.2487],[103.8337,22.2509],[103.83,22.2583],[103.8268,22.2611],[103.8255,22.2696],[103.8193,22.2771],[103.8092,22.2857],[103.8052,22.2868],[103.8015,22.291],[103.7925,22.2974],[103.7911,22.3001],[103.7855,22.303],[103.7792,22.3017],[103.7749,22.303],[103.7724,22.3078],[103.7603,22.3134],[103.7627,22.3172],[103.7688,22.3216],[103.7711,22.3285],[103.7685,22.3336],[103.7712,22.3361],[103.7804,22.3391],[103.7766,22.3454],[103.779,22.3488],[103.7789,22.349],[103.772,22.3539],[103.7675,22.3544],[103.7655,22.359],[103.7645,22.3762],[103.7665,22.3803],[103.7623,22.3919],[103.753,22.4012],[103.7473,22.4042],[103.7466,22.4081],[103.7396,22.4109],[103.7381,22.4133],[103.7272,22.4151],[103.7238,22.4124],[103.7191,22.4142],[103.7146,22.4133],[103.7122,22.409],[103.7056,22.4083],[103.7007,22.4054],[103.6965,22.4085],[103.6852,22.4055],[103.6793,22.4053],[103.6758,22.4035],[103.6714,22.4049],[103.6603,22.4031],[103.6561,22.4045],[103.6499,22.4032],[103.6451,22.4043],[103.6414,22.401],[103.6323,22.399],[103.6254,22.3963],[103.6142,22.4041],[103.6078,22.4069],[103.6036,22.4104],[103.6032,22.4249],[103.6,22.4273],[103.5876,22.4294],[103.5884,22.4362],[103.5812,22.4388],[103.5763,22.4474],[103.5723,22.4472],[103.569,22.4527],[103.5687,22.4572],[103.5591,22.4631],[103.5568,22.4655],[103.5553,22.4717],[103.5636,22.4798],[103.566,22.4848],[103.5716,22.4893],[103.5758,22.49],[103.5826,22.4984],[103.5853,22.5041],[103.5853,22.5089],[103.588,22.5152],[103.5948,22.5239],[103.5952,22.5267],[103.5885,22.5308],[103.5845,22.5312],[103.5815,22.538],[103.58,22.5455],[103.5813,22.5486],[103.5767,22.553],[103.5663,22.5684],[103.5719,22.5767],[103.566,22.5791],[103.5631,22.5832],[103.5486,22.5883],[103.5331,22.5842],[103.5304,22.5948],[103.5184,22.5979],[103.5115,22.6007],[103.5052,22.6052],[103.5087,22.6098],[103.5009,22.615],[103.4883,22.6193],[103.4851,22.6288],[103.4794,22.6302],[103.4771,22.6399],[103.4706,22.6447],[103.4651,22.6471],[103.4637,22.6543],[103.4574,22.6571],[103.4557,22.6615],[103.4565,22.6715],[103.4605,22.6782],[103.4512,22.6861],[103.4513,22.6889],[103.4398,22.6937],[103.433,22.7008],[103.4336,22.7075],[103.4269,22.7173],[103.4303,22.7227],[103.4305,22.7283],[103.4279,22.7337],[103.4406,22.7405],[103.4422,22.7463],[103.4399,22.7532],[103.4364,22.7531],[103.4319,22.7589],[103.4251,22.7613],[103.4203,22.7612],[103.4163,22.7641],[103.4167,22.7687],[103.414,22.7743],[103.4092,22.7785],[103.4046,22.7783],[103.3975,22.7816],[103.3907,22.7813],[103.3858,22.7883],[103.3804,22.7907],[103.3723,22.7986],[103.3668,22.8011],[103.3529,22.8025],[103.3459,22.8054],[103.3343,22.806],[103.3265,22.811],[103.3195,22.8078],[103.3207,22.8041],[103.319,22.7962],[103.3208,22.7865],[103.3197,22.7801],[103.3162,22.7793],[103.309,22.7675],[103.3099,22.7633],[103.3063,22.7597],[103.3024,22.7585],[103.3009,22.752],[103.292,22.7451],[103.289,22.74],[103.2854,22.7371],[103.285,22.7301],[103.289,22.7205],[103.2864,22.7137],[103.288,22.7084],[103.2846,22.7051],[103.2812,22.6976],[103.2836,22.6846],[103.2769,22.6785],[103.2706,22.6745],[103.2646,22.6745],[103.2603,22.6715],[103.2513,22.6721],[103.2497,22.669],[103.2401,22.6634],[103.2386,22.6607],[103.2313,22.6574],[103.2302,22.6517],[103.2277,22.6484],[103.2217,22.6466],[103.2082,22.6461],[103.1984,22.6498],[103.1934,22.6502],[103.1849,22.6444],[103.1831,22.6407],[103.1843,22.6361],[103.1805,22.6294],[103.1761,22.6271],[103.1683,22.6186],[103.164,22.607],[103.1647,22.6043],[103.1594,22.5983],[103.1578,22.5942],[103.1618,22.5836],[103.1687,22.5776],[103.1733,22.5692],[103.1832,22.5602],[103.1824,22.5579],[103.1768,22.5554],[103.1678,22.5478],[103.1599,22.5446],[103.1561,22.5395],[103.1483,22.5444],[103.1383,22.5399],[103.1349,22.5326],[103.1233,22.5231],[103.1183,22.5172],[103.114,22.514],[103.1044,22.5154],[103.0972,22.5147],[103.093,22.5104],[103.0845,22.5113],[103.0799,22.5064],[103.0803,22.5035],[103.0724,22.4874],[103.0751,22.4846],[103.0713,22.4791],[103.072,22.4767],[103.0778,22.4716],[103.078,22.4658],[103.0804,22.4593],[103.08,22.4511],[103.0734,22.4481],[103.0648,22.4475],[103.0592,22.4514],[103.0557,22.4514],[103.0539,22.4467],[103.045,22.445],[103.0353,22.4463],[103.0308,22.4425],[103.0213,22.4485],[103.0197,22.4515],[103.0133,22.4531],[103.0113,22.4605],[103.0006,22.4613],[102.9968,22.4603],[102.9905,22.4653],[102.9934,22.4718],[102.9878,22.4751],[102.9876,22.4798],[102.9825,22.4807],[102.9657,22.4793],[102.9594,22.4823],[102.9572,22.4853],[102.9505,22.4824],[102.9416,22.4855],[102.9359,22.486],[102.9291,22.484],[102.9234,22.4904],[102.922,22.5014],[102.923,22.5038],[102.9196,22.5083],[102.911,22.5098],[102.9088,22.5135],[102.9097,22.5188],[102.9053,22.5265],[102.9,22.5274],[102.8887,22.5376],[102.8964,22.5441],[102.8898,22.5513],[102.885,22.5528],[102.8776,22.5588],[102.882,22.5682],[102.8722,22.5751],[102.872,22.5818],[102.875,22.5832],[102.8779,22.5879],[102.8748,22.5952],[102.8626,22.6007],[102.8613,22.6047],[102.8562,22.6108],[102.8483,22.6102],[102.8414,22.6142],[102.8421,22.6181],[102.8371,22.6216],[102.8332,22.622],[102.8247,22.6274],[102.8205,22.6266],[102.8164,22.6218],[102.8082,22.6249],[102.7981,22.6233],[102.7926,22.6264],[102.7873,22.6264],[102.7832,22.637],[102.7873,22.6436],[102.7813,22.6465],[102.7735,22.6481],[102.7641,22.6474],[102.7592,22.6517],[102.7531,22.66],[102.7547,22.6626],[102.7516,22.6675],[102.7391,22.6684],[102.7356,22.6664],[102.7267,22.6724],[102.7264,22.677],[102.7183,22.6784],[102.7104,22.6813],[102.707,22.6948],[102.6987,22.6976],[102.6885,22.7045],[102.6844,22.7007],[102.6732,22.6987],[102.6598,22.6933],[102.6565,22.6904],[102.6506,22.698],[102.6432,22.7009],[102.6376,22.7067],[102.6312,22.7103],[102.6241,22.7167],[102.6203,22.7222],[102.616,22.724],[102.6107,22.7305],[102.6057,22.7337],[102.6004,22.7336],[102.5946,22.7293],[102.5937,22.7262],[102.5889,22.725],[102.5854,22.72],[102.5861,22.7113],[102.5847,22.7073],[102.5801,22.7056],[102.5751,22.7064],[102.5681,22.7045],[102.5692,22.7108],[102.5647,22.7158],[102.5649,22.7231],[102.556,22.7314],[102.553,22.7313],[102.5481,22.7396],[102.5476,22.7439],[102.5373,22.7531],[102.5341,22.7586],[102.5286,22.7622],[102.5249,22.7628],[102.5155,22.771],[102.5081,22.7785],[102.5041,22.7771],[102.4958,22.7806],[102.4892,22.7784],[102.4816,22.7788],[102.4793,22.7709],[102.471,22.7709],[102.4593,22.7664],[102.4568,22.7589],[102.4523,22.7563],[102.4513,22.7504],[102.4528,22.7466],[102.4513,22.7417],[102.4554,22.7373],[102.4564,22.7326],[102.4439,22.7258],[102.4405,22.7186],[102.4417,22.7156],[102.4366,22.7087],[102.4356,22.7017],[102.43,22.6987],[102.4237,22.6919],[102.4191,22.6925],[102.4143,22.6897],[102.4126,22.6858],[102.4074,22.6843],[102.4015,22.6864],[102.3939,22.6911],[102.3842,22.6846],[102.3824,22.6811],[102.3867,22.6684],[102.3893,22.6638],[102.3964,22.6578],[102.4,22.6473],[102.4069,22.6423],[102.4124,22.6433],[102.4166,22.6422],[102.4183,22.6362],[102.4038,22.6337],[102.3981,22.6264],[102.3905,22.6199],[102.3879,22.6163],[102.386,22.6093],[102.3778,22.6012],[102.3712,22.5932],[102.3592,22.5917],[102.3556,22.5932],[102.3512,22.5894],[102.3465,22.5891],[102.3453,22.5831],[102.3486,22.5767],[102.3547,22.5722],[102.3543,22.5666],[102.3376,22.5597],[102.3215,22.5568],[102.3218,22.5473]]]},"properties":{"Ma":"14","Cap":1,"STT":18,"TinhThanh":"Lai Châu","SapNhap":"Lai Châu","SoXa":38,"Loai":"Tỉnh","Dtich_km2":9068.8,"DanSo_ng":512601,"MD_ngkm2":56.5,"label_lng":103.18691,"label_lat":22.3168}},{"type":"Feature","geometry":{"type":"Polygon","coordinates":[[[106.1852,21.6043],[106.1773,21.6],[106.1772,21.5981],[106.1693,21.5957],[106.1708,21.5922],[106.1706,21.5857],[106.1674,21.5763],[106.1698,21.573],[106.1693,21.5645],[106.1679,21.5607],[106.1688,21.5528],[106.1709,21.5495],[106.1676,21.5437],[106.1676,21.5395],[106.1702,21.5356],[106.1677,21.5213],[106.1687,21.5124],[106.1744,21.5092],[106.1827,21.5087],[106.1903,21.5059],[106.1986,21.5008],[106.2058,21.5002],[106.212,21.4967],[106.2209,21.4969],[106.2262,21.4955],[106.237,21.495],[106.2418,21.4864],[106.2467,21.485],[106.2496,21.4873],[106.2559,21.4868],[106.2646,21.4917],[106.2684,21.4899],[106.2734,21.4937],[106.2793,21.4911],[106.2855,21.4904],[106.2851,21.4792],[106.2825,21.4723],[106.2864,21.4712],[106.2866,21.4668],[106.2833,21.456],[106.2849,21.4525],[106.2947,21.4432],[106.3059,21.4422],[106.304,21.448],[106.31,21.4518],[106.3121,21.4514],[106.315,21.4449],[106.3259,21.4482],[106.3294,21.4464],[106.3287,21.4414],[106.3331,21.4377],[106.3326,21.4342],[106.3277,21.4259],[106.3251,21.4243],[106.3271,21.418],[106.3241,21.4139],[106.3242,21.4104],[106.3346,21.4042],[106.3406,21.3972],[106.348,21.4001],[106.3511,21.3958],[106.3546,21.3972],[106.3615,21.3958],[106.3672,21.399],[106.3717,21.3947],[106.3784,21.394],[106.3857,21.3967],[106.3958,21.4054],[106.405,21.4042],[106.4123,21.4057],[106.4158,21.4079],[106.4143,21.4174],[106.4084,21.4194],[106.4048,21.4255],[106.406,21.4292],[106.4141,21.4322],[106.4175,21.4373],[106.4281,21.44],[106.4331,21.438],[106.4349,21.4424],[106.4395,21.4435],[106.4433,21.4365],[106.4506,21.4361],[106.4519,21.4387],[106.4658,21.4373],[106.4717,21.4422],[106.4728,21.4476],[106.4827,21.4487],[106.4851,21.458],[106.4884,21.4621],[106.4878,21.4669],[106.4897,21.4719],[106.4927,21.474],[106.4948,21.4831],[106.5095,21.4867],[106.5178,21.4948],[106.5213,21.4996],[106.5136,21.5131],[106.5074,21.5208],[106.5087,21.5262],[106.5147,21.5315],[106.5186,21.5318],[106.5239,21.5384],[106.5267,21.5454],[106.5274,21.5577],[106.5309,21.5627],[106.5355,21.5631],[106.5422,21.5701],[106.544,21.5765],[106.548,21.5782],[106.5523,21.5828],[106.5521,21.589],[106.5582,21.5944],[106.5639,21.5945],[106.5699,21.5995],[106.5708,21.6025],[106.5836,21.5989],[106.5961,21.5992],[106.604,21.6033],[106.6065,21.603],[106.6153,21.6078],[106.624,21.6057],[106.6268,21.6027],[106.637,21.6008],[106.6434,21.6038],[106.6456,21.6065],[106.6526,21.6031],[106.6591,21.6056],[106.6631,21.6046],[106.6703,21.6087],[106.6779,21.6027],[106.6837,21.6023],[106.6913,21.5974],[106.7019,21.5937],[106.7022,21.582],[106.699,21.5743],[106.7005,21.5708],[106.7056,21.5677],[106.7102,21.5608],[106.7172,21.5598],[106.7191,21.5576],[106.7261,21.5555],[106.7334,21.5489],[106.7338,21.5451],[106.7434,21.5415],[106.7555,21.5409],[106.759,21.5445],[106.7603,21.5504],[106.7585,21.5524],[106.7566,21.5672],[106.7645,21.5727],[106.771,21.5714],[106.7841,21.5759],[106.7926,21.566],[106.7967,21.5652],[106.7996,21.5619],[106.8063,21.5589],[106.8201,21.5625],[106.8275,21.5603],[106.8323,21.5613],[106.8433,21.5597],[106.8479,21.5538],[106.8522,21.5399],[106.8582,21.5389],[106.8643,21.5348],[106.8647,21.5274],[106.8603,21.5227],[106.8553,21.5236],[106.8503,21.5224],[106.8507,21.5169],[106.8399,21.5125],[106.8389,21.5085],[106.8419,21.5047],[106.8449,21.4936],[106.8508,21.4988],[106.8531,21.4963],[106.8614,21.4957],[106.8676,21.4975],[106.8785,21.4957],[106.8904,21.4895],[106.8891,21.4826],[106.8938,21.4759],[106.8988,21.4747],[106.9025,21.4704],[106.8988,21.4635],[106.8923,21.4595],[106.8914,21.4514],[106.8962,21.4442],[106.9032,21.4402],[106.911,21.4306],[106.9172,21.4308],[106.9209,21.436],[106.9264,21.441],[106.9288,21.44],[106.9305,21.4333],[106.9289,21.4257],[106.9406,21.4348],[106.9456,21.4346],[106.9498,21.4259],[106.9538,21.4234],[106.9596,21.4248],[106.9688,21.4361],[106.978,21.4373],[106.9806,21.4391],[106.9868,21.4395],[106.9909,21.4364],[106.9918,21.4307],[106.9946,21.43],[107.0038,21.4217],[107.0019,21.419],[106.995,21.4169],[106.9916,21.4132],[106.9922,21.4094],[106.9857,21.4021],[106.9865,21.3909],[106.9927,21.3818],[106.9932,21.3777],[106.9908,21.3736],[106.9915,21.3683],[106.9874,21.3607],[106.9883,21.3586],[106.9982,21.3556],[107.0026,21.3506],[107.0078,21.3496],[107.0139,21.3449],[107.023,21.3356],[107.0218,21.3315],[107.032,21.3251],[107.0417,21.3281],[107.0492,21.3283],[107.0519,21.3355],[107.0578,21.3407],[107.0596,21.346],[107.0633,21.3484],[107.0787,21.3463],[107.0831,21.3507],[107.0852,21.3553],[107.0929,21.3575],[107.0946,21.3617],[107.0972,21.374],[107.102,21.3769],[107.1056,21.3752],[107.1108,21.3761],[107.1269,21.3692],[107.1345,21.3711],[107.1433,21.3691],[107.1419,21.3664],[107.1472,21.3644],[107.1555,21.3681],[107.1699,21.3635],[107.1773,21.3691],[107.1827,21.3711],[107.1862,21.3758],[107.192,21.3755],[107.1941,21.3791],[107.1993,21.3776],[107.2037,21.379],[107.2094,21.3866],[107.2172,21.3885],[107.2227,21.3851],[107.2275,21.3775],[107.2355,21.3737],[107.2407,21.3649],[107.2459,21.3671],[107.2519,21.3663],[107.2557,21.3708],[107.259,21.3792],[107.2585,21.3844],[107.2612,21.388],[107.2607,21.392],[107.265,21.4001],[107.2577,21.4046],[107.2587,21.4074],[107.2562,21.4137],[107.2574,21.4172],[107.254,21.4226],[107.2483,21.4236],[107.2479,21.4296],[107.2418,21.4349],[107.2453,21.4393],[107.2455,21.4435],[107.2414,21.4458],[107.241,21.4551],[107.2384,21.4593],[107.242,21.4685],[107.2397,21.4728],[107.245,21.4779],[107.2464,21.4824],[107.2365,21.4963],[107.2363,21.5027],[107.2386,21.5058],[107.2339,21.5142],[107.2337,21.5194],[107.2302,21.521],[107.2235,21.5197],[107.2216,21.5262],[107.2165,21.5316],[107.2112,21.5309],[107.2046,21.5406],[107.2072,21.5447],[107.2136,21.5474],[107.2169,21.5524],[107.2226,21.5532],[107.2279,21.5517],[107.2324,21.5545],[107.2403,21.5515],[107.2453,21.5482],[107.2472,21.5496],[107.2476,21.5565],[107.2531,21.5587],[107.2557,21.5619],[107.267,21.5649],[107.2734,21.5625],[107.2804,21.5649],[107.2842,21.569],[107.2842,21.5789],[107.2902,21.5817],[107.2905,21.5853],[107.2943,21.5922],[107.3089,21.596],[107.3137,21.59],[107.3173,21.5936],[107.3223,21.5941],[107.3276,21.5923],[107.33,21.5874],[107.3383,21.5884],[107.3467,21.5946],[107.3584,21.5951],[107.3623,21.6001],[107.3575,21.605],[107.3608,21.6127],[107.3591,21.6206],[107.3555,21.6236],[107.3541,21.6305],[107.3616,21.6349],[107.3641,21.6402],[107.3605,21.6462],[107.3608,21.6516],[107.3586,21.6609],[107.3607,21.6639],[107.3567,21.6664],[107.3576,21.6698],[107.3476,21.6742],[107.3454,21.6768],[107.3492,21.6816],[107.3445,21.6855],[107.3391,21.6873],[107.3362,21.6911],[107.3347,21.6988],[107.324,21.7061],[107.3239,21.7099],[107.3199,21.7159],[107.3227,21.7247],[107.3147,21.725],[107.3132,21.7298],[107.3085,21.7301],[107.3058,21.7368],[107.3012,21.7421],[107.2879,21.7364],[107.287,21.7317],[107.2805,21.7338],[107.2639,21.7283],[107.2631,21.7252],[107.2582,21.7244],[107.2511,21.7167],[107.2517,21.7127],[107.2495,21.7049],[107.2394,21.7047],[107.2335,21.7058],[107.2225,21.7063],[107.2128,21.7128],[107.1998,21.7203],[107.1971,21.7333],[107.1932,21.7343],[107.1906,21.7419],[107.1852,21.747],[107.1748,21.7483],[107.1722,21.7519],[107.1659,21.7498],[107.1615,21.7515],[107.1608,21.7566],[107.1458,21.7624],[107.141,21.7621],[107.1377,21.7669],[107.1344,21.7754],[107.128,21.7744],[107.1211,21.7807],[107.1131,21.7924],[107.1006,21.7933],[107.097,21.7985],[107.0902,21.8],[107.0858,21.8048],[107.0856,21.8078],[107.0775,21.8102],[107.0729,21.8089],[107.0612,21.8093],[107.0585,21.8109],[107.046,21.8136],[107.0434,21.8123],[107.039,21.8155],[107.0299,21.8172],[107.0255,21.8192],[107.0237,21.8227],[107.0176,21.8272],[107.0091,21.8272],[107.0045,21.8326],[107.0045,21.8455],[107.0064,21.8495],[107.0134,21.8552],[107.0179,21.8638],[107.0259,21.8652],[107.0319,21.8693],[107.0358,21.8749],[107.0408,21.8791],[107.0497,21.8804],[107.0556,21.8844],[107.0573,21.8897],[107.063,21.8935],[107.0633,21.8962],[107.0591,21.9041],[107.0601,21.9088],[107.0573,21.9102],[107.0584,21.9145],[107.0538,21.9226],[107.0504,21.9249],[107.0481,21.9297],[107.0391,21.9308],[107.0363,21.9353],[107.026,21.9379],[107.0202,21.944],[107.0151,21.9462],[107.0121,21.9449],[107.0066,21.9467],[106.9995,21.946],[106.9906,21.9511],[106.9879,21.9478],[106.9885,21.9429],[106.9837,21.9381],[106.9848,21.9361],[106.9794,21.9265],[106.9714,21.9222],[106.9649,21.9228],[106.961,21.9194],[106.9534,21.9243],[106.9539,21.9305],[106.9456,21.9323],[106.9337,21.9295],[106.9299,21.9309],[106.9304,21.9349],[106.9273,21.9448],[106.9232,21.9472],[106.9206,21.9548],[106.9235,21.9632],[106.9193,21.9697],[106.9185,21.974],[106.9134,21.976],[106.9037,21.9714],[106.8975,21.9757],[106.8918,21.977],[106.8794,21.9821],[106.8748,21.9802],[106.867,21.9831],[106.8578,21.98],[106.8505,21.9819],[106.847,21.9777],[106.8409,21.9836],[106.8327,21.9821],[106.8324,21.9751],[106.8277,21.9759],[106.8119,21.9735],[106.7999,21.9802],[106.797,21.9849],[106.7979,21.9902],[106.7926,21.9929],[106.7895,21.9894],[106.7875,21.9975],[106.7844,22.004],[106.7785,22.0045],[106.7754,22.0089],[106.7714,22.0112],[106.7587,22.0128],[106.7494,22.0084],[106.7362,22.0076],[106.7373,22.0031],[106.732,21.9976],[106.7282,21.991],[106.7284,21.9852],[106.7203,21.9751],[106.7159,21.9719],[106.7081,21.9747],[106.7083,21.97],[106.7052,21.9682],[106.7022,21.9625],[106.6989,21.9601],[106.6911,21.9655],[106.6943,21.9693],[106.6946,21.9731],[106.6867,21.9793],[106.6834,21.9852],[106.6839,21.992],[106.6824,22.001],[106.6838,22.0041],[106.6888,22.0073],[106.6883,22.0096],[106.6997,22.0154],[106.7022,22.022],[106.708,22.0254],[106.7085,22.0286],[106.7056,22.033],[106.7047,22.0393],[106.6985,22.0421],[106.6969,22.0452],[106.6989,22.049],[106.6972,22.0544],[106.7009,22.0585],[106.7035,22.0647],[106.7065,22.0652],[106.7049,22.0853],[106.7106,22.0893],[106.713,22.0956],[106.71,22.1017],[106.6989,22.1065],[106.6953,22.1109],[106.6959,22.1162],[106.6924,22.1194],[106.6943,22.1331],[106.689,22.1367],[106.6892,22.139],[106.6948,22.1432],[106.6962,22.1543],[106.7058,22.1582],[106.7032,22.1627],[106.6917,22.1621],[106.6852,22.1641],[106.6827,22.1697],[106.6775,22.1713],[106.676,22.1803],[106.6711,22.1836],[106.6805,22.1959],[106.6802,22.2033],[106.6912,22.2043],[106.6954,22.2065],[106.6985,22.2125],[106.698,22.218],[106.7024,22.2199],[106.6958,22.2311],[106.695,22.2401],[106.6928,22.2511],[106.6898,22.2594],[106.6826,22.265],[106.6858,22.2712],[106.6884,22.2725],[106.6894,22.2783],[106.6827,22.2793],[106.6816,22.2823],[106.6769,22.2856],[106.6717,22.2838],[106.6669,22.2863],[106.6661,22.2905],[106.6682,22.2967],[106.6656,22.3],[106.6683,22.3075],[106.6645,22.3143],[106.6591,22.3178],[106.6571,22.3283],[106.6588,22.334],[106.6486,22.3397],[106.6435,22.3399],[106.6396,22.3381],[106.6352,22.34],[106.6333,22.3372],[106.6265,22.3359],[106.6209,22.3329],[106.6136,22.3399],[106.6026,22.3378],[106.5945,22.3396],[106.5893,22.3436],[106.5815,22.34],[106.578,22.3426],[106.5772,22.3466],[106.5718,22.3464],[106.5713,22.3424],[106.5596,22.3489],[106.5624,22.3571],[106.5617,22.3615],[106.5644,22.366],[106.5699,22.3638],[106.5718,22.3696],[106.5796,22.3712],[106.5856,22.3784],[106.5835,22.3841],[106.5859,22.3872],[106.5859,22.3946],[106.5785,22.3974],[106.5714,22.4039],[106.571,22.407],[106.5664,22.4137],[106.5644,22.4194],[106.5607,22.4224],[106.5552,22.4198],[106.551,22.4209],[106.5353,22.4189],[106.534,22.4151],[106.5286,22.4131],[106.532,22.4098],[106.5275,22.4048],[106.5241,22.4043],[106.5198,22.3975],[106.5121,22.4023],[106.5049,22.4044],[106.4975,22.4048],[106.4897,22.4004],[106.4929,22.3985],[106.492,22.3938],[106.4844,22.392],[106.4904,22.3853],[106.481,22.3772],[106.4891,22.3761],[106.4873,22.3683],[106.4821,22.3674],[106.476,22.3635],[106.4686,22.3624],[106.466,22.3591],[106.4623,22.3606],[106.4526,22.3566],[106.4442,22.3587],[106.4408,22.363],[106.4341,22.3633],[106.4297,22.359],[106.4249,22.3586],[106.4186,22.3638],[106.4134,22.3705],[106.4069,22.3698],[106.4002,22.3705],[106.396,22.3738],[106.3896,22.3682],[106.3874,22.3645],[106.3801,22.3633],[106.3788,22.3595],[106.3607,22.3575],[106.3528,22.3617],[106.3492,22.3685],[106.342,22.3738],[106.3449,22.3832],[106.3444,22.3917],[106.3325,22.4021],[106.3343,22.4088],[106.3305,22.4118],[106.3192,22.4075],[106.3122,22.4105],[106.3029,22.42],[106.2955,22.4258],[106.2882,22.4263],[106.2868,22.4281],[106.2851,22.4376],[106.2762,22.4482],[106.2735,22.4483],[106.2644,22.4533],[106.2613,22.4504],[106.2564,22.4545],[106.2493,22.4584],[106.2399,22.4615],[106.2335,22.4588],[106.2296,22.4548],[106.2212,22.4551],[106.2131,22.4478],[106.211,22.4413],[106.2065,22.436],[106.2006,22.4319],[106.1999,22.4223],[106.193,22.4161],[106.1926,22.4112],[106.1943,22.4069],[106.191,22.4054],[106.1873,22.4005],[106.1873,22.3931],[106.1847,22.3869],[106.1881,22.3838],[106.1873,22.3799],[106.1916,22.376],[106.2013,22.3737],[106.2091,22.3677],[106.2106,22.362],[106.2166,22.3584],[106.22,22.3504],[106.2193,22.3471],[106.2154,22.3449],[106.2089,22.3375],[106.2055,22.3318],[106.2048,22.3279],[106.2012,22.3227],[106.202,22.317],[106.1996,22.3136],[106.2121,22.2901],[106.2154,22.288],[106.22,22.2903],[106.2231,22.2885],[106.2242,22.2826],[106.2287,22.2821],[106.2351,22.2789],[106.2445,22.2685],[106.2449,22.2606],[106.2469,22.2578],[106.2456,22.2526],[106.2421,22.2465],[106.2428,22.2379],[106.2371,22.2212],[106.2321,22.2206],[106.2295,22.2163],[106.2214,22.2073],[106.2231,22.2004],[106.2211,22.1976],[106.225,22.1899],[106.2288,22.1852],[106.2337,22.1823],[106.2316,22.1744],[106.2229,22.1676],[106.2177,22.1669],[106.2137,22.1597],[106.2014,22.1496],[106.1965,22.1428],[106.1929,22.1439],[106.189,22.1397],[106.1877,22.1338],[106.181,22.1285],[106.1847,22.1254],[106.1852,22.1173],[106.1772,22.113],[106.1687,22.1104],[106.1685,22.1064],[106.1624,22.1021],[106.1609,22.0964],[106.1613,22.092],[106.1572,22.0817],[106.1416,22.0822],[106.1395,22.0858],[106.1234,22.0854],[106.1187,22.0823],[106.1173,22.0762],[106.1142,22.0726],[106.1079,22.0762],[106.1055,22.0727],[106.1007,22.072],[106.0988,22.068],[106.101,22.0601],[106.0993,22.0552],[106.1028,22.0454],[106.1011,22.0405],[106.0956,22.0366],[106.0967,22.0302],[106.1026,22.027],[106.1085,22.0212],[106.1113,22.0135],[106.1095,22.0053],[106.11,21.9968],[106.1141,21.9939],[106.1131,21.9831],[106.1154,21.9785],[106.1132,21.9732],[106.114,21.9675],[106.1116,21.962],[106.1063,21.9627],[106.0992,21.9596],[106.0978,21.9542],[106.1088,21.9523],[106.1118,21.9493],[106.1027,21.9405],[106.1069,21.9329],[106.1117,21.9333],[106.1134,21.9291],[106.1178,21.9284],[106.1219,21.9242],[106.1283,21.9248],[106.1313,21.9215],[106.1319,21.917],[106.1271,21.9101],[106.1295,21.903],[106.1274,21.8993],[106.1158,21.8951],[106.1134,21.8907],[106.1143,21.8841],[106.1173,21.8799],[106.1153,21.8756],[106.1153,21.8706],[106.1115,21.8653],[106.1106,21.8607],[106.1129,21.8545],[106.1114,21.8504],[106.117,21.8454],[106.1152,21.8409],[106.1071,21.8413],[106.1079,21.8323],[106.1003,21.8285],[106.0997,21.8242],[106.0954,21.8214],[106.0954,21.8186],[106.0989,21.8127],[106.1077,21.8034],[106.1063,21.7988],[106.1064,21.7903],[106.1114,21.7863],[106.1135,21.7815],[106.1222,21.7834],[106.1277,21.7831],[106.1354,21.7853],[106.1397,21.7773],[106.1481,21.7676],[106.1497,21.761],[106.1553,21.7608],[106.1596,21.756],[106.1684,21.7542],[106.1684,21.7502],[106.1736,21.7492],[106.1782,21.7437],[106.1865,21.7407],[106.1942,21.7416],[106.1967,21.7354],[106.2087,21.7323],[106.2111,21.7287],[106.2175,21.7268],[106.2246,21.7331],[106.2294,21.7307],[106.2308,21.7278],[106.2353,21.727],[106.2377,21.7198],[106.2375,21.7147],[106.234,21.7085],[106.2328,21.6989],[106.2244,21.6921],[106.2266,21.6816],[106.2255,21.679],[106.2194,21.6737],[106.2058,21.6635],[106.2066,21.6595],[106.2022,21.6533],[106.193,21.6482],[106.191,21.6451],[106.1924,21.6373],[106.1985,21.6326],[106.1954,21.6286],[106.197,21.6185],[106.1891,21.6103],[106.1852,21.6043]]]},"properties":{"Ma":"11","Cap":1,"STT":20,"TinhThanh":"Lạng Sơn","SapNhap":"Lạng Sơn","SoXa":65,"Loai":"Tỉnh","Dtich_km2":8310.2,"DanSo_ng":881384,"MD_ngkm2":106.1,"label_lng":106.6205,"label_lat":21.83858}},{"type":"Feature","geometry":{"type":"Polygon","coordinates":[[[103.9221,21.7006],[103.9313,21.6956],[103.9381,21.6906],[103.9362,21.6773],[103.9373,21.6698],[103.9463,21.6692],[103.9613,21.6696],[103.9672,21.6676],[103.9701,21.6642],[103.9773,21.6735],[103.982,21.6777],[103.9871,21.6746],[103.9955,21.6757],[104.0057,21.6725],[104.0063,21.6663],[104.0147,21.6689],[104.0216,21.6687],[104.0266,21.6723],[104.0328,21.6701],[104.0356,21.6667],[104.0448,21.6622],[104.0488,21.6576],[104.0802,21.6495],[104.0877,21.6429],[104.0922,21.6426],[104.0998,21.6469],[104.1076,21.6454],[104.1124,21.6474],[104.1182,21.6473],[104.1235,21.6514],[104.1397,21.6544],[104.1481,21.6543],[104.16,21.6557],[104.1742,21.6487],[104.182,21.6478],[104.1965,21.648],[104.2058,21.6593],[104.2109,21.664],[104.2119,21.6713],[104.2205,21.6724],[104.2277,21.6715],[104.232,21.6731],[104.2407,21.6705],[104.2449,21.6719],[104.2542,21.671],[104.2556,21.6664],[104.2627,21.6635],[104.2708,21.6652],[104.277,21.6628],[104.289,21.6611],[104.2968,21.653],[104.3017,21.6523],[104.316,21.6567],[104.3244,21.6541],[104.3326,21.655],[104.3389,21.6531],[104.3404,21.6445],[104.3368,21.6386],[104.3305,21.6379],[104.3281,21.631],[104.3225,21.6274],[104.3195,21.6202],[104.3099,21.6145],[104.3062,21.6087],[104.3,21.6047],[104.2906,21.6028],[104.288,21.5985],[104.2915,21.5956],[104.2961,21.5812],[104.2954,21.5792],[104.2978,21.5713],[104.2887,21.5689],[104.2872,21.5642],[104.277,21.5512],[104.279,21.5489],[104.2825,21.5372],[104.2884,21.5327],[104.2934,21.5247],[104.2931,21.5177],[104.2951,21.5104],[104.293,21.5081],[104.2922,21.5019],[104.2852,21.4944],[104.2855,21.4875],[104.283,21.4848],[104.2839,21.4769],[104.282,21.4721],[104.287,21.4637],[104.2941,21.4584],[104.3004,21.4576],[104.3021,21.4525],[104.3,21.4489],[104.2986,21.439],[104.3019,21.4378],[104.3036,21.4338],[104.3147,21.4309],[104.3197,21.4281],[104.3227,21.4187],[104.3282,21.4113],[104.332,21.4081],[104.339,21.4085],[104.3428,21.4116],[104.3427,21.4164],[104.3478,21.4183],[104.3538,21.415],[104.3557,21.4101],[104.3626,21.4023],[104.3699,21.3986],[104.3824,21.4025],[104.3891,21.401],[104.394,21.3976],[104.397,21.3924],[104.4123,21.3866],[104.4176,21.3808],[104.4207,21.3749],[104.4199,21.3626],[104.4208,21.36],[104.4298,21.3545],[104.4362,21.3545],[104.444,21.3576],[104.4559,21.3536],[104.4665,21.3516],[104.4736,21.3517],[104.4817,21.3569],[104.4851,21.3657],[104.4953,21.3735],[104.5039,21.3763],[104.5098,21.385],[104.5139,21.3882],[104.5151,21.3955],[104.5193,21.3989],[104.5209,21.4042],[104.5289,21.413],[104.5325,21.4144],[104.541,21.4139],[104.5502,21.4096],[104.5583,21.4092],[104.565,21.4101],[104.5702,21.4129],[104.5786,21.4088],[104.5812,21.4109],[104.5818,21.417],[104.5838,21.4203],[104.589,21.4226],[104.6067,21.4159],[104.6123,21.4048],[104.6163,21.4016],[104.6204,21.4015],[104.6252,21.3955],[104.6298,21.3949],[104.636,21.3889],[104.6403,21.388],[104.6437,21.384],[104.6472,21.383],[104.6523,21.3848],[104.66,21.3807],[104.6674,21.3787],[104.6711,21.376],[104.6783,21.3754],[104.6856,21.3771],[104.689,21.385],[104.6878,21.3943],[104.6901,21.4008],[104.6966,21.3999],[104.7031,21.4059],[104.707,21.4041],[104.7104,21.3997],[104.7244,21.4006],[104.7292,21.4043],[104.7354,21.4031],[104.7326,21.3908],[104.7345,21.3815],[104.7397,21.3756],[104.7439,21.3684],[104.748,21.3678],[104.7491,21.3633],[104.7469,21.3596],[104.7488,21.3525],[104.7572,21.3529],[104.7572,21.3479],[104.761,21.3462],[104.7682,21.3468],[104.7679,21.3317],[104.7696,21.3294],[104.7791,21.326],[104.7878,21.3296],[104.7908,21.3334],[104.7946,21.3352],[104.8,21.3316],[104.8042,21.331],[104.8071,21.3334],[104.8136,21.3335],[104.82,21.3383],[104.8257,21.3389],[104.835,21.337],[104.8469,21.338],[104.8498,21.3395],[104.8445,21.3511],[104.8471,21.3529],[104.8543,21.3521],[104.8534,21.3594],[104.8547,21.3649],[104.863,21.3655],[104.8673,21.3597],[104.8684,21.3536],[104.8726,21.3489],[104.8828,21.342],[104.8963,21.3444],[104.9005,21.3512],[104.899,21.3556],[104.8932,21.3653],[104.8895,21.3674],[104.8836,21.3733],[104.8847,21.3797],[104.8819,21.3833],[104.8843,21.3873],[104.8831,21.3909],[104.8861,21.3931],[104.8926,21.3937],[104.8956,21.3957],[104.8995,21.4014],[104.9001,21.4052],[104.9077,21.4142],[104.908,21.4197],[104.9058,21.4288],[104.9114,21.4331],[104.9123,21.4383],[104.9117,21.4476],[104.9034,21.4608],[104.8965,21.47],[104.8968,21.4738],[104.8929,21.479],[104.8936,21.4845],[104.8875,21.4934],[104.8849,21.5005],[104.8849,21.5053],[104.8825,21.5086],[104.8828,21.519],[104.8855,21.522],[104.8814,21.531],[104.8782,21.5356],[104.8687,21.5419],[104.8678,21.5487],[104.872,21.5554],[104.8767,21.5557],[104.8828,21.5587],[104.8897,21.5584],[104.8976,21.5637],[104.8981,21.5782],[104.8963,21.5871],[104.8929,21.591],[104.8914,21.6016],[104.8964,21.6083],[104.9048,21.6098],[104.9031,21.6199],[104.9045,21.6264],[104.9105,21.6346],[104.9225,21.6405],[104.9293,21.6408],[104.934,21.6426],[104.9371,21.6463],[104.9378,21.6513],[104.9436,21.6528],[104.9526,21.659],[104.9574,21.6601],[104.9612,21.6549],[104.9682,21.6479],[104.973,21.657],[104.9853,21.6612],[104.9864,21.6679],[104.9799,21.6728],[104.9869,21.6746],[104.9913,21.6787],[104.9943,21.6783],[105.0013,21.6806],[105.0002,21.6879],[105.0052,21.6886],[105.0142,21.6876],[105.0197,21.6882],[105.0212,21.6927],[105.0281,21.6968],[105.0309,21.7012],[105.039,21.6975],[105.0446,21.6902],[105.0543,21.6863],[105.0589,21.6858],[105.0612,21.6901],[105.0677,21.6844],[105.073,21.6815],[105.0775,21.6812],[105.0836,21.683],[105.0925,21.681],[105.0938,21.6789],[105.1,21.6835],[105.0997,21.6901],[105.0955,21.6959],[105.0956,21.7009],[105.0899,21.7009],[105.0868,21.7037],[105.0917,21.7121],[105.0861,21.7182],[105.0843,21.7231],[105.078,21.722],[105.0738,21.7281],[105.0765,21.7322],[105.0761,21.7357],[105.0678,21.7401],[105.0664,21.743],[105.0606,21.7442],[105.0613,21.7488],[105.0673,21.7509],[105.0748,21.7585],[105.0762,21.7641],[105.0809,21.7707],[105.0727,21.7782],[105.0717,21.7812],[105.0774,21.7863],[105.0798,21.7864],[105.0827,21.7916],[105.0854,21.8015],[105.0889,21.8073],[105.0964,21.8113],[105.1003,21.812],[105.098,21.8177],[105.0923,21.8216],[105.0889,21.8282],[105.0772,21.8302],[105.0671,21.8417],[105.0615,21.8499],[105.0584,21.8584],[105.0523,21.8589],[105.0458,21.8639],[105.0412,21.8737],[105.0426,21.8778],[105.0413,21.8857],[105.0376,21.888],[105.037,21.8913],[105.031,21.8925],[105.0258,21.8918],[105.0223,21.8945],[105.0185,21.8941],[105.0136,21.9],[105.0154,21.9026],[105.0143,21.9072],[105.0185,21.9108],[105.0221,21.9172],[105.0229,21.9243],[105.0188,21.9292],[105.0192,21.9357],[105.0105,21.9372],[105.0026,21.9331],[104.9992,21.9291],[104.9897,21.9312],[104.9865,21.9364],[104.9873,21.9429],[104.9933,21.9542],[104.9953,21.9618],[104.9946,21.9675],[104.9924,21.9709],[104.9977,21.9824],[104.9997,21.9886],[104.9943,21.9938],[104.9897,22.003],[104.9964,22.0154],[104.9926,22.0182],[104.9947,22.0277],[104.9937,22.032],[104.9968,22.044],[104.9907,22.0452],[104.9837,22.0423],[104.9719,22.0402],[104.9676,22.0313],[104.9619,22.0293],[104.956,22.035],[104.9501,22.0343],[104.9465,22.0356],[104.9406,22.0442],[104.9416,22.0523],[104.9352,22.0583],[104.9286,22.0615],[104.9208,22.0604],[104.9181,22.0587],[104.9128,22.0653],[104.908,22.0631],[104.903,22.0638],[104.8965,22.0712],[104.8919,22.0726],[104.8871,22.071],[104.8735,22.0809],[104.8711,22.0866],[104.8717,22.0914],[104.8649,22.0965],[104.8656,22.1066],[104.8633,22.118],[104.8606,22.1221],[104.8597,22.1289],[104.8619,22.1322],[104.8599,22.1356],[104.8636,22.1417],[104.8623,22.1474],[104.8587,22.1531],[104.854,22.1573],[104.854,22.164],[104.8555,22.1702],[104.8528,22.1714],[104.849,22.1805],[104.8461,22.185],[104.8394,22.1798],[104.8348,22.1805],[104.8298,22.1775],[104.8269,22.1816],[104.8202,22.1849],[104.8175,22.1782],[104.813,22.1728],[104.8029,22.1717],[104.7997,22.1701],[104.7944,22.1725],[104.7834,22.1725],[104.7798,22.1709],[104.7802,22.1662],[104.7751,22.1661],[104.7711,22.1684],[104.7626,22.1699],[104.7615,22.1726],[104.7566,22.1732],[104.7572,22.1814],[104.7554,22.1846],[104.7466,22.1869],[104.7399,22.1869],[104.738,22.1931],[104.7344,22.1953],[104.7254,22.198],[104.7232,22.2052],[104.7241,22.2083],[104.7205,22.2144],[104.7213,22.2167],[104.7298,22.2255],[104.7284,22.2293],[104.7297,22.2345],[104.7259,22.2456],[104.7237,22.2461],[104.7223,22.2575],[104.7165,22.2612],[104.7084,22.261],[104.7044,22.264],[104.6925,22.2631],[104.6864,22.2614],[104.6768,22.2648],[104.6762,22.2686],[104.6701,22.2768],[104.6653,22.2739],[104.659,22.274],[104.6505,22.2804],[104.6454,22.28],[104.6421,22.2768],[104.6388,22.2784],[104.6295,22.2868],[104.6243,22.288],[104.6167,22.2875],[104.6141,22.2913],[104.6073,22.2913],[104.6032,22.287],[104.601,22.2814],[104.5964,22.2766],[104.5931,22.271],[104.5897,22.2693],[104.5858,22.2638],[104.5868,22.254],[104.5855,22.251],[104.5789,22.252],[104.5741,22.2452],[104.567,22.2446],[104.5529,22.2417],[104.5508,22.2434],[104.5482,22.2528],[104.5492,22.2564],[104.5466,22.27],[104.5428,22.277],[104.5521,22.2843],[104.5583,22.2839],[104.5656,22.2894],[104.569,22.297],[104.5776,22.3016],[104.5801,22.3062],[104.5786,22.3158],[104.5729,22.3213],[104.5717,22.3257],[104.5648,22.3313],[104.5744,22.3421],[104.5811,22.346],[104.5803,22.3495],[104.5756,22.3534],[104.5693,22.3554],[104.5573,22.3531],[104.5533,22.3547],[104.5478,22.3594],[104.5467,22.3621],[104.5541,22.3732],[104.5502,22.3803],[104.5389,22.3847],[104.5364,22.3872],[104.53,22.389],[104.5212,22.3958],[104.5143,22.3983],[104.5085,22.4039],[104.4971,22.4049],[104.491,22.4122],[104.4909,22.4197],[104.4789,22.4205],[104.4662,22.425],[104.4645,22.4308],[104.4614,22.4359],[104.4582,22.4366],[104.4502,22.4477],[104.4485,22.4548],[104.4505,22.4625],[104.456,22.4643],[104.4595,22.4693],[104.4636,22.472],[104.464,22.4763],[104.4739,22.4836],[104.471,22.4889],[104.4618,22.4918],[104.4575,22.4952],[104.4544,22.495],[104.4454,22.5041],[104.4411,22.5064],[104.439,22.513],[104.434,22.5229],[104.4177,22.5253],[104.4145,22.5289],[104.4155,22.5365],[104.4199,22.5421],[104.4236,22.5519],[104.421,22.5587],[104.4247,22.5645],[104.425,22.5736],[104.4303,22.5752],[104.4429,22.5765],[104.4504,22.5753],[104.4541,22.5726],[104.4598,22.5725],[104.4663,22.5752],[104.4647,22.5794],[104.4625,22.5949],[104.4637,22.5984],[104.459,22.6046],[104.4622,22.6132],[104.4396,22.6183],[104.4293,22.6234],[104.4155,22.6346],[104.412,22.6388],[104.41,22.6491],[104.4059,22.6541],[104.4106,22.658],[104.4067,22.6671],[104.3984,22.6805],[104.391,22.679],[104.3856,22.6798],[104.3824,22.6772],[104.3733,22.6754],[104.3657,22.6728],[104.3601,22.6731],[104.3523,22.6766],[104.3448,22.682],[104.3406,22.6868],[104.3346,22.6901],[104.3357,22.6962],[104.3413,22.704],[104.3419,22.7114],[104.3416,22.7168],[104.3395,22.7224],[104.3353,22.7232],[104.3206,22.7321],[104.3131,22.7318],[104.3083,22.7298],[104.3019,22.7302],[104.2947,22.7332],[104.2897,22.7373],[104.2803,22.7413],[104.2697,22.7416],[104.2714,22.7491],[104.2706,22.7534],[104.2662,22.7595],[104.2611,22.7624],[104.2584,22.7663],[104.2593,22.7712],[104.2549,22.7781],[104.2565,22.7791],[104.2583,22.7888],[104.2612,22.7938],[104.2627,22.8016],[104.2678,22.8134],[104.2668,22.8208],[104.2705,22.8257],[104.2711,22.8293],[104.2683,22.833],[104.268,22.8393],[104.2648,22.8398],[104.2557,22.8449],[104.252,22.8397],[104.2437,22.8439],[104.2292,22.8336],[104.22,22.8287],[104.216,22.8318],[104.2091,22.8282],[104.1976,22.8263],[104.1904,22.8207],[104.1833,22.8261],[104.1779,22.8233],[104.1754,22.8202],[104.17,22.8202],[104.1671,22.8225],[104.1604,22.8149],[104.1551,22.8144],[104.1519,22.8099],[104.1468,22.8104],[104.1406,22.8061],[104.1331,22.807],[104.1305,22.8119],[104.1267,22.8137],[104.1196,22.8115],[104.1149,22.8117],[104.1099,22.8031],[104.1048,22.8014],[104.1006,22.7941],[104.0955,22.7899],[104.0906,22.7771],[104.0898,22.7723],[104.0836,22.767],[104.0791,22.7663],[104.075,22.7609],[104.0701,22.7573],[104.0658,22.7573],[104.0606,22.7486],[104.0588,22.7482],[104.0527,22.7392],[104.0463,22.7344],[104.0454,22.7302],[104.0393,22.7237],[104.0396,22.7168],[104.0365,22.7103],[104.0359,22.7038],[104.0333,22.698],[104.0284,22.6936],[104.0287,22.6872],[104.0353,22.682],[104.0399,22.6812],[104.0396,22.677],[104.0347,22.6699],[104.0324,22.6636],[104.0327,22.6543],[104.0303,22.6522],[104.0313,22.6425],[104.0284,22.6386],[104.0301,22.6326],[104.0295,22.6258],[104.0251,22.6224],[104.0255,22.6133],[104.0209,22.6052],[104.0198,22.5956],[104.0158,22.5946],[104.0134,22.5884],[104.0151,22.5869],[104.0141,22.5786],[104.0099,22.5794],[104.0059,22.577],[104.0079,22.573],[104.0126,22.571],[104.0163,22.5654],[104.0118,22.5626],[104.0109,22.5564],[104.0139,22.5542],[104.0134,22.5447],[104.0088,22.5443],[104.005,22.5384],[104.0097,22.5333],[104.0097,22.5293],[104.0126,22.5237],[104.0058,22.5169],[103.9996,22.5197],[103.9901,22.5194],[103.9874,22.5142],[103.9832,22.5128],[103.9799,22.5078],[103.9719,22.5071],[103.9686,22.5115],[103.9614,22.5065],[103.953,22.5123],[103.9458,22.5249],[103.9369,22.5262],[103.9322,22.5279],[103.9277,22.5386],[103.9234,22.5391],[103.9186,22.5335],[103.9136,22.5373],[103.915,22.544],[103.8998,22.559],[103.8938,22.5666],[103.8893,22.57],[103.8853,22.5694],[103.8837,22.5646],[103.8809,22.564],[103.8746,22.5672],[103.8653,22.5824],[103.8592,22.5886],[103.8508,22.5924],[103.8442,22.5984],[103.8408,22.6056],[103.8241,22.6174],[103.8214,22.6216],[103.8174,22.6318],[103.8121,22.6412],[103.8038,22.6479],[103.8016,22.6525],[103.7934,22.6623],[103.7862,22.6662],[103.7819,22.6704],[103.7794,22.6764],[103.7717,22.6829],[103.7685,22.6902],[103.7656,22.6911],[103.7572,22.6884],[103.7508,22.6882],[103.7494,22.6935],[103.7447,22.699],[103.7403,22.7],[103.7375,22.7032],[103.7386,22.7121],[103.7312,22.7185],[103.7266,22.7241],[103.7156,22.733],[103.7054,22.7428],[103.7002,22.7462],[103.6963,22.7462],[103.6877,22.7506],[103.6841,22.7537],[103.6826,22.7612],[103.6786,22.7651],[103.6685,22.7684],[103.6659,22.7716],[103.6655,22.7784],[103.6631,22.7859],[103.6586,22.7896],[103.65,22.7913],[103.648,22.7941],[103.6392,22.7975],[103.6338,22.7874],[103.6276,22.7888],[103.6236,22.7856],[103.6192,22.7861],[103.6173,22.7826],[103.6205,22.7745],[103.6148,22.7718],[103.6132,22.767],[103.6085,22.7635],[103.61,22.7568],[103.6066,22.7571],[103.6045,22.7497],[103.5998,22.7501],[103.5971,22.7471],[103.5973,22.743],[103.5919,22.7364],[103.5831,22.732],[103.5776,22.7245],[103.5754,22.7176],[103.5643,22.7057],[103.5631,22.6985],[103.5658,22.6936],[103.565,22.6882],[103.5687,22.6817],[103.5694,22.6778],[103.5742,22.6756],[103.5788,22.6704],[103.5798,22.6648],[103.5752,22.6567],[103.5751,22.6525],[103.5717,22.6471],[103.5717,22.643],[103.567,22.6427],[103.5634,22.6396],[103.5594,22.6397],[103.5524,22.6368],[103.5514,22.6271],[103.5473,22.6226],[103.5454,22.6124],[103.5407,22.6086],[103.5394,22.6054],[103.5304,22.5948],[103.5331,22.5842],[103.5486,22.5883],[103.5631,22.5832],[103.566,22.5791],[103.5719,22.5767],[103.5663,22.5684],[103.5767,22.553],[103.5813,22.5486],[103.58,22.5455],[103.5815,22.538],[103.5845,22.5312],[103.5885,22.5308],[103.5952,22.5267],[103.5948,22.5239],[103.588,22.5152],[103.5853,22.5089],[103.5853,22.5041],[103.5826,22.4984],[103.5758,22.49],[103.5716,22.4893],[103.566,22.4848],[103.5636,22.4798],[103.5553,22.4717],[103.5568,22.4655],[103.5591,22.4631],[103.5687,22.4572],[103.569,22.4527],[103.5723,22.4472],[103.5763,22.4474],[103.5812,22.4388],[103.5884,22.4362],[103.5876,22.4294],[103.6,22.4273],[103.6032,22.4249],[103.6036,22.4104],[103.6078,22.4069],[103.6142,22.4041],[103.6254,22.3963],[103.6323,22.399],[103.6414,22.401],[103.6451,22.4043],[103.6499,22.4032],[103.6561,22.4045],[103.6603,22.4031],[103.6714,22.4049],[103.6758,22.4035],[103.6793,22.4053],[103.6852,22.4055],[103.6965,22.4085],[103.7007,22.4054],[103.7056,22.4083],[103.7122,22.409],[103.7146,22.4133],[103.7191,22.4142],[103.7238,22.4124],[103.7272,22.4151],[103.7381,22.4133],[103.7396,22.4109],[103.7466,22.4081],[103.7473,22.4042],[103.753,22.4012],[103.7623,22.3919],[103.7665,22.3803],[103.7645,22.3762],[103.7655,22.359],[103.7675,22.3544],[103.772,22.3539],[103.7789,22.349],[103.779,22.3488],[103.7766,22.3454],[103.7804,22.3391],[103.7712,22.3361],[103.7685,22.3336],[103.7711,22.3285],[103.7688,22.3216],[103.7627,22.3172],[103.7603,22.3134],[103.7724,22.3078],[103.7749,22.303],[103.7792,22.3017],[103.7855,22.303],[103.7911,22.3001],[103.7925,22.2974],[103.8015,22.291],[103.8052,22.2868],[103.8092,22.2857],[103.8193,22.2771],[103.8255,22.2696],[103.8268,22.2611],[103.83,22.2583],[103.8337,22.2509],[103.8381,22.2487],[103.8424,22.2363],[103.8399,22.2312],[103.841,22.2258],[103.8492,22.2215],[103.8506,22.2163],[103.8551,22.2069],[103.8658,22.2038],[103.8711,22.2003],[103.8706,22.1898],[103.8651,22.1871],[103.8635,22.1832],[103.8683,22.1783],[103.8685,22.1782],[103.8744,22.1759],[103.887,22.1745],[103.8946,22.1658],[103.8973,22.1589],[103.9052,22.1558],[103.9113,22.1467],[103.9223,22.1414],[103.925,22.142],[103.9381,22.1398],[103.9387,22.133],[103.9365,22.1241],[103.9368,22.1192],[103.9427,22.1108],[103.9443,22.106],[103.944,22.0986],[103.9386,22.0878],[103.9384,22.0815],[103.9432,22.08],[103.9437,22.075],[103.9474,22.0729],[103.9481,22.0689],[103.9524,22.0648],[103.9552,22.052],[103.9573,22.0489],[103.956,22.033],[103.9531,22.0262],[103.9549,22.0232],[103.9648,22.0144],[103.9654,22.0114],[103.9614,22.0041],[103.9545,21.9999],[103.9677,21.9883],[103.9726,21.9812],[103.9747,21.9753],[103.981,21.972],[103.985,21.967],[103.9753,21.9595],[103.9716,21.9598],[103.9614,21.9443],[103.963,21.9418],[103.9606,21.9355],[103.9523,21.9279],[103.943,21.9177],[103.9357,21.9196],[103.9334,21.9234],[103.929,21.9233],[103.9256,21.9295],[103.9213,21.9322],[103.9159,21.9299],[103.9096,21.9231],[103.9056,21.921],[103.8935,21.9212],[103.8882,21.9134],[103.886,21.9063],[103.8891,21.9006],[103.8869,21.8917],[103.8884,21.8876],[103.8881,21.8787],[103.8893,21.8766],[103.8893,21.8652],[103.897,21.8575],[103.9101,21.8472],[103.9194,21.8381],[103.92,21.8322],[103.9174,21.8296],[103.9255,21.8261],[103.9341,21.8203],[103.9388,21.8116],[103.9447,21.81],[103.945,21.8052],[103.9509,21.8015],[103.953,21.7972],[103.9519,21.7882],[103.956,21.7873],[103.9577,21.781],[103.9625,21.7732],[103.9669,21.7709],[103.9655,21.7613],[103.9635,21.758],[103.9593,21.7573],[103.9514,21.7522],[103.9537,21.7464],[103.9532,21.7413],[103.948,21.7439],[103.9421,21.7434],[103.9383,21.7387],[103.9311,21.7436],[103.9213,21.7389],[103.9156,21.7348],[103.9182,21.7281],[103.9161,21.7198],[103.9121,21.7166],[103.9162,21.7116],[103.92,21.7099],[103.9228,21.7035],[103.9221,21.7006]]]},"properties":{"Ma":"09","Cap":1,"STT":21,"TinhThanh":"Lào Cai","SapNhap":"Lào Cai, Yên Bái","SoXa":99,"Loai":"Tỉnh","Dtich_km2":13256.4,"DanSo_ng":1770645,"MD_ngkm2":133.6,"label_lng":104.34906,"label_lat":22.05981}},{"type":"Feature","geometry":{"type":"Polygon","coordinates":[[[105.5427,20.3621],[105.5454,20.3518],[105.5497,20.347],[105.55,20.3385],[105.5486,20.3348],[105.5526,20.3288],[105.5578,20.3295],[105.565,20.3246],[105.5627,20.3182],[105.566,20.3159],[105.5708,20.3183],[105.5791,20.3119],[105.5864,20.3118],[105.5938,20.314],[105.5998,20.3119],[105.6038,20.3081],[105.6088,20.2987],[105.6128,20.2891],[105.6208,20.2819],[105.6354,20.2776],[105.6408,20.2778],[105.6496,20.274],[105.6703,20.2538],[105.669,20.2506],[105.6717,20.2474],[105.6791,20.2466],[105.6788,20.2419],[105.6828,20.2353],[105.6897,20.2316],[105.6939,20.2309],[105.6958,20.2252],[105.693,20.2213],[105.7009,20.218],[105.7051,20.2144],[105.7161,20.2083],[105.7257,20.2011],[105.7307,20.1993],[105.7327,20.195],[105.7377,20.194],[105.7423,20.1874],[105.7408,20.1852],[105.7583,20.1789],[105.7707,20.1762],[105.7736,20.1769],[105.7771,20.172],[105.7853,20.1703],[105.7934,20.17],[105.8014,20.1633],[105.8063,20.1613],[105.8082,20.1583],[105.8158,20.1558],[105.8183,20.1535],[105.8316,20.1511],[105.8349,20.1435],[105.8442,20.1421],[105.8527,20.1384],[105.8602,20.1335],[105.8685,20.125],[105.8753,20.1225],[105.8783,20.1235],[105.8847,20.1195],[105.8917,20.1196],[105.8961,20.1174],[105.9075,20.1068],[105.9113,20.1048],[105.9171,20.1057],[105.9249,20.1008],[105.9301,20.0906],[105.9415,20.0823],[105.947,20.0746],[105.9521,20.0741],[105.9586,20.0671],[105.9624,20.0659],[105.9749,20.0661],[105.9827,20.0683],[105.9926,20.0687],[105.9998,20.0668],[106.0083,20.0663],[106.0136,20.0649],[106.0175,20.0601],[106.0233,20.059],[106.0322,20.0608],[106.0355,20.0598],[106.0395,20.0618],[106.0718,20.0666],[106.0759,20.0628],[106.0735,20.0513],[106.0661,20.0373],[106.0662,20.0332],[106.0613,20.0182],[106.0543,20.0068],[106.0504,20.0029],[106.0454,20.001],[106.0389,20.0012],[106.0352,20],[106.1928,20],[106.1975,20.0058],[106.2047,20.009],[106.2227,20.0279],[106.2298,20.0375],[106.2349,20.0424],[106.2492,20.0597],[106.2576,20.0665],[106.2624,20.0736],[106.2781,20.0892],[106.289,20.1032],[106.3002,20.1125],[106.3104,20.1239],[106.3159,20.131],[106.3229,20.1378],[106.3247,20.1424],[106.3338,20.1485],[106.3526,20.1683],[106.3572,20.174],[106.358,20.1789],[106.3656,20.1812],[106.3848,20.1918],[106.3866,20.1959],[106.3922,20.1973],[106.3992,20.2012],[106.4047,20.2022],[106.4131,20.2067],[106.4212,20.2064],[106.4299,20.2081],[106.4378,20.2129],[106.4417,20.2129],[106.4549,20.2152],[106.4798,20.2176],[106.4843,20.2208],[106.4945,20.2191],[106.5,20.2202],[106.5135,20.2272],[106.5196,20.228],[106.5284,20.2211],[106.5368,20.2252],[106.5445,20.2215],[106.5448,20.2133],[106.5486,20.2132],[106.5527,20.2094],[106.5523,20.2029],[106.5616,20.2032],[106.5822,20.2167],[106.5848,20.2246],[106.5849,20.2324],[106.5926,20.2403],[106.5799,20.2642],[106.5676,20.2753],[106.554,20.29],[106.5393,20.3028],[106.5321,20.3127],[106.5271,20.3163],[106.5236,20.3155],[106.513,20.3091],[106.5019,20.3091],[106.4956,20.3069],[106.4882,20.2975],[106.4829,20.2938],[106.474,20.2906],[106.4606,20.2891],[106.4508,20.2908],[106.4373,20.2961],[106.43,20.3017],[106.4188,20.3148],[106.4072,20.3317],[106.3964,20.34],[106.3888,20.3439],[106.3721,20.345],[106.3653,20.3477],[106.3562,20.3535],[106.3492,20.3623],[106.3424,20.3759],[106.3363,20.3767],[106.3322,20.3732],[106.3213,20.3612],[106.308,20.3523],[106.2977,20.3421],[106.2808,20.3308],[106.272,20.3269],[106.2625,20.3275],[106.257,20.3319],[106.2524,20.342],[106.2521,20.3484],[106.2542,20.3559],[106.2609,20.3631],[106.2742,20.3721],[106.2828,20.3788],[106.2855,20.3833],[106.2866,20.3893],[106.2837,20.3985],[106.2796,20.4027],[106.2752,20.4045],[106.2586,20.4064],[106.2407,20.4055],[106.2324,20.4066],[106.223,20.4095],[106.2178,20.4127],[106.2108,20.4218],[106.21,20.4293],[106.2207,20.4462],[106.2251,20.4577],[106.2255,20.4677],[106.2194,20.475],[106.2113,20.4782],[106.2007,20.4796],[106.1915,20.4795],[106.1833,20.4849],[106.1784,20.4955],[106.1794,20.512],[106.1775,20.5275],[106.1731,20.5466],[106.1694,20.5548],[106.1619,20.5635],[106.1578,20.5651],[106.137,20.5707],[106.1333,20.5732],[106.1295,20.5811],[106.1292,20.5949],[106.1256,20.6025],[106.1151,20.6133],[106.1087,20.6174],[106.1028,20.6183],[106.0965,20.616],[106.0877,20.6108],[106.0829,20.6059],[106.0766,20.6031],[106.0651,20.6049],[106.0541,20.6116],[106.0386,20.6279],[106.0324,20.6403],[106.0321,20.648],[106.0372,20.6637],[106.0371,20.6762],[106.0346,20.6819],[106.0243,20.6964],[106.0107,20.7026],[106.0033,20.7038],[106.0028,20.7015],[105.9958,20.6975],[105.9979,20.6923],[105.9907,20.6893],[105.9945,20.681],[105.9887,20.6826],[105.9848,20.6805],[105.9784,20.6737],[105.9776,20.6657],[105.9691,20.6651],[105.96,20.6607],[105.957,20.6566],[105.958,20.6508],[105.9452,20.6551],[105.9434,20.6632],[105.9468,20.6682],[105.947,20.6762],[105.943,20.6821],[105.9327,20.6801],[105.9197,20.6759],[105.9076,20.6687],[105.9027,20.6649],[105.8986,20.6683],[105.8958,20.6669],[105.8964,20.6522],[105.8922,20.6488],[105.8838,20.6446],[105.8746,20.6433],[105.868,20.6453],[105.8601,20.6447],[105.8526,20.6481],[105.8476,20.6553],[105.8437,20.6548],[105.8408,20.6592],[105.8325,20.6623],[105.8223,20.6645],[105.8187,20.6605],[105.8278,20.6519],[105.8326,20.65],[105.8323,20.6451],[105.8239,20.6406],[105.8133,20.6337],[105.8111,20.6278],[105.8126,20.6165],[105.8063,20.6115],[105.8074,20.6066],[105.8058,20.6003],[105.8016,20.5937],[105.8006,20.5845],[105.7951,20.5676],[105.7796,20.5662],[105.7777,20.5646],[105.769,20.5645],[105.772,20.5526],[105.7746,20.5478],[105.7827,20.5397],[105.7894,20.5245],[105.7915,20.5216],[105.7949,20.5115],[105.8001,20.5133],[105.8031,20.5083],[105.8033,20.5038],[105.8063,20.4994],[105.8103,20.4992],[105.8134,20.5032],[105.819,20.506],[105.8189,20.4992],[105.8204,20.4937],[105.8251,20.4886],[105.8357,20.484],[105.838,20.4804],[105.8434,20.4783],[105.8524,20.4781],[105.8516,20.4653],[105.8528,20.4461],[105.8541,20.434],[105.8574,20.4265],[105.8487,20.4261],[105.8437,20.4207],[105.8305,20.4201],[105.8247,20.4176],[105.8198,20.423],[105.8132,20.4256],[105.8081,20.4291],[105.8003,20.4375],[105.794,20.4469],[105.7922,20.4541],[105.7874,20.4532],[105.7887,20.4477],[105.7824,20.4365],[105.7756,20.4375],[105.7728,20.4426],[105.7627,20.44],[105.7577,20.4417],[105.7517,20.4389],[105.7535,20.4293],[105.7568,20.4176],[105.7591,20.4145],[105.7529,20.4133],[105.7521,20.4072],[105.7566,20.3976],[105.7546,20.3885],[105.7574,20.387],[105.7597,20.3781],[105.7564,20.371],[105.7567,20.3672],[105.7465,20.3666],[105.7451,20.3715],[105.7462,20.382],[105.7414,20.3843],[105.7309,20.3855],[105.7303,20.3916],[105.732,20.3974],[105.7279,20.3995],[105.7194,20.4074],[105.7116,20.4083],[105.7055,20.4119],[105.7008,20.4099],[105.6972,20.4119],[105.686,20.411],[105.6852,20.4064],[105.6884,20.4025],[105.695,20.4024],[105.6975,20.3973],[105.6946,20.3877],[105.7009,20.3806],[105.7049,20.3784],[105.7041,20.3744],[105.7129,20.3649],[105.7104,20.3599],[105.7145,20.3575],[105.7186,20.3521],[105.7193,20.3486],[105.7251,20.3416],[105.7299,20.3388],[105.7291,20.3354],[105.7238,20.3291],[105.7016,20.3212],[105.6955,20.3118],[105.6861,20.3052],[105.6757,20.3064],[105.6696,20.3098],[105.6608,20.3202],[105.6502,20.3275],[105.6428,20.3383],[105.6401,20.3387],[105.6351,20.3437],[105.6278,20.3467],[105.6194,20.3485],[105.6139,20.352],[105.6055,20.3607],[105.5991,20.364],[105.5933,20.3649],[105.581,20.3699],[105.571,20.3595],[105.5628,20.3578],[105.5562,20.3585],[105.554,20.3605],[105.5427,20.3621]]]},"properties":{"Ma":"06","Cap":1,"STT":23,"TinhThanh":"Ninh Bình","SapNhap":"Hà Nam, Ninh Bình, Nam Định","SoXa":129,"Loai":"Tỉnh","Dtich_km2":3821.4,"DanSo_ng":4412264,"MD_ngkm2":1154.6,"label_lng":106.0467,"label_lat":20.32067}},{"type":"Feature","geometry":{"type":"Polygon","coordinates":[[[104.8466,20.6521],[104.8491,20.6547],[104.853,20.6636],[104.8593,20.6614],[104.8722,20.6627],[104.8789,20.6646],[104.8844,20.6682],[104.8979,20.6706],[104.9178,20.6604],[104.9234,20.655],[104.9319,20.6489],[104.948,20.6442],[104.9609,20.6272],[104.9629,20.6219],[104.9607,20.6175],[104.9633,20.6082],[104.9706,20.6033],[104.9754,20.5953],[104.9817,20.5937],[104.9853,20.5892],[104.9845,20.5844],[104.98,20.5761],[104.9818,20.5736],[104.9862,20.5756],[104.9983,20.5759],[105.0036,20.575],[105.0097,20.5721],[105.0153,20.5662],[105.0239,20.559],[105.0307,20.5602],[105.0328,20.5588],[105.0423,20.5598],[105.0458,20.5566],[105.0533,20.5618],[105.0544,20.5704],[105.0633,20.5743],[105.071,20.5747],[105.0786,20.5782],[105.0843,20.5771],[105.0916,20.5712],[105.0936,20.5669],[105.1059,20.5734],[105.1077,20.5676],[105.1141,20.5623],[105.1195,20.5624],[105.1303,20.5567],[105.1365,20.5507],[105.1413,20.5439],[105.1494,20.5443],[105.1531,20.5431],[105.1559,20.5385],[105.1617,20.5351],[105.1633,20.5229],[105.1718,20.5146],[105.1783,20.5164],[105.1849,20.5211],[105.1906,20.517],[105.2013,20.5184],[105.2127,20.5131],[105.2157,20.5089],[105.2235,20.505],[105.2312,20.5032],[105.2305,20.4973],[105.2359,20.4939],[105.2402,20.4933],[105.2446,20.488],[105.2396,20.4795],[105.2443,20.4737],[105.2621,20.4654],[105.2636,20.4589],[105.2672,20.455],[105.2643,20.4447],[105.2609,20.4368],[105.2618,20.4318],[105.2698,20.4288],[105.2767,20.4314],[105.2806,20.4256],[105.2905,20.4188],[105.2968,20.4163],[105.301,20.4163],[105.3028,20.4212],[105.3073,20.4165],[105.3177,20.408],[105.3223,20.4054],[105.3313,20.4026],[105.3366,20.3989],[105.3424,20.3965],[105.3456,20.3907],[105.3532,20.3894],[105.3561,20.392],[105.3672,20.3887],[105.3692,20.3852],[105.3789,20.3834],[105.386,20.3785],[105.4002,20.3754],[105.4062,20.3726],[105.4134,20.3744],[105.4215,20.3781],[105.4271,20.3833],[105.4305,20.3825],[105.4367,20.3844],[105.4461,20.3805],[105.4556,20.3782],[105.4606,20.3752],[105.4766,20.3752],[105.4846,20.37],[105.5004,20.3613],[105.5038,20.3604],[105.5212,20.3598],[105.5243,20.3633],[105.5245,20.3674],[105.5298,20.3717],[105.539,20.3692],[105.5427,20.3621],[105.554,20.3605],[105.5562,20.3585],[105.5628,20.3578],[105.571,20.3595],[105.581,20.3699],[105.5933,20.3649],[105.5991,20.364],[105.6055,20.3607],[105.6139,20.352],[105.6194,20.3485],[105.6278,20.3467],[105.6351,20.3437],[105.6401,20.3387],[105.6428,20.3383],[105.6502,20.3275],[105.6608,20.3202],[105.6696,20.3098],[105.6757,20.3064],[105.6861,20.3052],[105.6955,20.3118],[105.7016,20.3212],[105.7238,20.3291],[105.7291,20.3354],[105.7299,20.3388],[105.7251,20.3416],[105.7193,20.3486],[105.7186,20.3521],[105.7145,20.3575],[105.7104,20.3599],[105.7129,20.3649],[105.7041,20.3744],[105.7049,20.3784],[105.7009,20.3806],[105.6946,20.3877],[105.6975,20.3973],[105.695,20.4024],[105.6884,20.4025],[105.6852,20.4064],[105.686,20.411],[105.6972,20.4119],[105.7008,20.4099],[105.7055,20.4119],[105.7116,20.4083],[105.7194,20.4074],[105.7279,20.3995],[105.732,20.3974],[105.7303,20.3916],[105.7309,20.3855],[105.7414,20.3843],[105.7462,20.382],[105.7451,20.3715],[105.7465,20.3666],[105.7567,20.3672],[105.7564,20.371],[105.7597,20.3781],[105.7574,20.387],[105.7546,20.3885],[105.7566,20.3976],[105.7521,20.4072],[105.7529,20.4133],[105.7591,20.4145],[105.7568,20.4176],[105.7535,20.4293],[105.7517,20.4389],[105.7577,20.4417],[105.7627,20.44],[105.7728,20.4426],[105.7756,20.4375],[105.7824,20.4365],[105.7887,20.4477],[105.7874,20.4532],[105.7922,20.4541],[105.794,20.4469],[105.8003,20.4375],[105.8081,20.4291],[105.8132,20.4256],[105.8198,20.423],[105.8247,20.4176],[105.8305,20.4201],[105.8437,20.4207],[105.8487,20.4261],[105.8574,20.4265],[105.8541,20.434],[105.8528,20.4461],[105.8516,20.4653],[105.8524,20.4781],[105.8434,20.4783],[105.838,20.4804],[105.8357,20.484],[105.8251,20.4886],[105.8204,20.4937],[105.8189,20.4992],[105.819,20.506],[105.8134,20.5032],[105.8103,20.4992],[105.8063,20.4994],[105.8033,20.5038],[105.8031,20.5083],[105.8001,20.5133],[105.7949,20.5115],[105.7915,20.5216],[105.7894,20.5245],[105.7827,20.5397],[105.7746,20.5478],[105.772,20.5526],[105.769,20.5645],[105.7678,20.5698],[105.7641,20.5768],[105.7551,20.5851],[105.752,20.5899],[105.7471,20.5926],[105.7434,20.5986],[105.7393,20.5982],[105.7316,20.6001],[105.7272,20.6046],[105.7217,20.5961],[105.7098,20.5993],[105.7055,20.6048],[105.7039,20.6166],[105.7013,20.6215],[105.6967,20.6194],[105.6917,20.6221],[105.6871,20.6162],[105.677,20.616],[105.6662,20.6179],[105.6659,20.6244],[105.6639,20.6281],[105.6734,20.6292],[105.6784,20.6285],[105.6849,20.633],[105.6868,20.6377],[105.6807,20.6424],[105.679,20.6474],[105.6811,20.653],[105.6786,20.6602],[105.6722,20.668],[105.6737,20.6703],[105.6694,20.6759],[105.67,20.68],[105.6746,20.6802],[105.6802,20.6835],[105.6839,20.6922],[105.6823,20.699],[105.6749,20.7049],[105.6637,20.7189],[105.6616,20.7234],[105.6665,20.7341],[105.6581,20.741],[105.6546,20.7475],[105.6497,20.7608],[105.6489,20.766],[105.6496,20.7764],[105.6483,20.7842],[105.6481,20.7937],[105.6417,20.7926],[105.6329,20.7927],[105.6333,20.8047],[105.6304,20.8159],[105.6329,20.8221],[105.6416,20.8286],[105.6321,20.8321],[105.6163,20.8317],[105.6107,20.8373],[105.6038,20.8386],[105.5981,20.842],[105.5956,20.831],[105.5894,20.8315],[105.5871,20.8256],[105.5882,20.821],[105.5841,20.8176],[105.5835,20.8119],[105.5751,20.8082],[105.5712,20.8084],[105.5582,20.8037],[105.5552,20.806],[105.5589,20.8108],[105.5607,20.8198],[105.5646,20.8218],[105.5747,20.8223],[105.5797,20.8267],[105.5805,20.8361],[105.5864,20.8408],[105.5847,20.8527],[105.5825,20.8592],[105.5754,20.8643],[105.5654,20.8746],[105.5616,20.8754],[105.5593,20.8811],[105.5483,20.879],[105.5458,20.882],[105.5565,20.8878],[105.5597,20.8908],[105.5606,20.8956],[105.5664,20.8996],[105.5684,20.911],[105.5721,20.9137],[105.5793,20.9155],[105.5813,20.9236],[105.5805,20.9287],[105.5744,20.9299],[105.5713,20.9271],[105.566,20.9272],[105.5608,20.9246],[105.5549,20.9271],[105.546,20.9231],[105.5385,20.9276],[105.5323,20.9228],[105.5251,20.9188],[105.5208,20.9221],[105.5125,20.9223],[105.5059,20.9262],[105.5024,20.931],[105.4996,20.9303],[105.4905,20.9341],[105.4796,20.9477],[105.4693,20.947],[105.4671,20.9451],[105.4617,20.9465],[105.4514,20.954],[105.4438,20.956],[105.4429,20.9633],[105.4362,20.9748],[105.4324,20.9791],[105.4223,20.9837],[105.4178,20.9978],[105.4032,20.9981],[105.3969,21.0009],[105.3921,21.006],[105.3921,21.0145],[105.387,21.0202],[105.382,21.0215],[105.3754,21.0145],[105.3666,21.013],[105.359,21.0089],[105.3534,21.0074],[105.3492,21.0128],[105.3388,21.0136],[105.3352,21.0094],[105.3297,21.008],[105.3264,21.0093],[105.3289,21.0174],[105.3256,21.021],[105.3209,21.0187],[105.3218,21.0147],[105.3153,21.0113],[105.3048,21.0223],[105.2998,21.029],[105.2972,21.0352],[105.2948,21.0454],[105.294,21.0547],[105.3039,21.0758],[105.3079,21.0828],[105.3172,21.0927],[105.3191,21.0994],[105.3205,21.1099],[105.3185,21.1159],[105.3147,21.1214],[105.3057,21.1378],[105.298,21.1441],[105.2914,21.1529],[105.2881,21.1641],[105.2891,21.1703],[105.2944,21.1802],[105.2994,21.1868],[105.3041,21.1905],[105.3168,21.1982],[105.3252,21.2047],[105.3328,21.2135],[105.3463,21.2245],[105.35,21.2324],[105.356,21.2602],[105.3567,21.2781],[105.3615,21.2836],[105.3759,21.2903],[105.3787,21.2922],[105.3868,21.3015],[105.394,21.3033],[105.4058,21.2991],[105.4145,21.2916],[105.4272,21.2778],[105.4345,21.273],[105.4407,21.2719],[105.4437,21.2697],[105.4475,21.2506],[105.4521,21.238],[105.4598,21.2284],[105.4657,21.2077],[105.468,21.1828],[105.4698,21.1787],[105.4768,21.1709],[105.4862,21.163],[105.4947,21.1599],[105.5278,21.1542],[105.5336,21.1542],[105.5463,21.157],[105.5709,21.1606],[105.5759,21.1644],[105.5878,21.1666],[105.6,21.1696],[105.605,21.1745],[105.6173,21.1791],[105.6258,21.1755],[105.6298,21.1841],[105.6253,21.1872],[105.6247,21.1928],[105.6217,21.1948],[105.6228,21.1997],[105.6166,21.2025],[105.6169,21.2087],[105.6211,21.2059],[105.6281,21.2107],[105.6312,21.2089],[105.6396,21.2076],[105.6369,21.218],[105.6451,21.2156],[105.6562,21.219],[105.659,21.2232],[105.6552,21.2272],[105.6511,21.2259],[105.6454,21.2271],[105.6448,21.2347],[105.6528,21.238],[105.6561,21.235],[105.6617,21.235],[105.666,21.2392],[105.6685,21.2335],[105.6759,21.2271],[105.6794,21.2294],[105.6805,21.2337],[105.6882,21.2347],[105.6861,21.2263],[105.6904,21.2199],[105.6935,21.2215],[105.6974,21.2186],[105.7033,21.2213],[105.7092,21.2198],[105.7156,21.2247],[105.7242,21.2253],[105.7314,21.2316],[105.7362,21.2401],[105.7323,21.2419],[105.7253,21.242],[105.7287,21.2463],[105.7285,21.2495],[105.7237,21.2506],[105.7248,21.2581],[105.7228,21.2661],[105.7291,21.2759],[105.7323,21.2749],[105.7358,21.2793],[105.7352,21.2834],[105.738,21.288],[105.742,21.2872],[105.7432,21.2929],[105.7477,21.2943],[105.757,21.3005],[105.7626,21.3138],[105.7676,21.3183],[105.772,21.3255],[105.7736,21.3316],[105.7764,21.3362],[105.7832,21.3429],[105.785,21.3484],[105.783,21.3538],[105.7861,21.3546],[105.7846,21.3596],[105.7752,21.3607],[105.7747,21.3676],[105.77,21.3705],[105.7684,21.3747],[105.7598,21.3781],[105.7624,21.3857],[105.7657,21.3887],[105.7637,21.3982],[105.7556,21.4104],[105.7473,21.4158],[105.7403,21.415],[105.7342,21.4102],[105.7296,21.4089],[105.7209,21.4159],[105.7241,21.4216],[105.7246,21.4321],[105.7213,21.4325],[105.7152,21.4299],[105.7123,21.4307],[105.7071,21.4359],[105.7045,21.4407],[105.6975,21.439],[105.6874,21.4428],[105.6782,21.4558],[105.6749,21.4581],[105.6695,21.4578],[105.6667,21.4599],[105.6526,21.4573],[105.6463,21.4648],[105.644,21.47],[105.6344,21.4761],[105.6313,21.4791],[105.6329,21.4884],[105.6353,21.4928],[105.6256,21.4965],[105.6117,21.5057],[105.6115,21.5125],[105.6073,21.5164],[105.6072,21.5235],[105.6043,21.5283],[105.5994,21.5323],[105.5839,21.5349],[105.5831,21.54],[105.5778,21.5437],[105.5699,21.5521],[105.5629,21.5584],[105.5607,21.5639],[105.5557,21.5709],[105.5425,21.5738],[105.5395,21.5705],[105.5375,21.565],[105.5298,21.5568],[105.5275,21.5471],[105.525,21.5447],[105.5229,21.5376],[105.5188,21.534],[105.5139,21.5366],[105.5057,21.5309],[105.505,21.5282],[105.4974,21.5252],[105.4937,21.5284],[105.4909,21.5204],[105.4848,21.5178],[105.4734,21.5237],[105.4725,21.5199],[105.4634,21.5163],[105.4572,21.5174],[105.4561,21.5114],[105.4445,21.509],[105.4403,21.5099],[105.4275,21.5041],[105.4237,21.4984],[105.4195,21.5035],[105.4185,21.5081],[105.411,21.5129],[105.4061,21.5119],[105.4014,21.5137],[105.397,21.5104],[105.389,21.5121],[105.3873,21.5188],[105.3809,21.5228],[105.3699,21.5246],[105.3638,21.5223],[105.3618,21.5196],[105.3542,21.5181],[105.3487,21.5194],[105.3438,21.5179],[105.3436,21.5151],[105.3381,21.5121],[105.3371,21.5044],[105.3325,21.5046],[105.3252,21.5073],[105.3202,21.513],[105.3143,21.5125],[105.3062,21.5086],[105.3023,21.5086],[105.2981,21.5121],[105.2951,21.5197],[105.295,21.5237],[105.2977,21.531],[105.2961,21.5347],[105.29,21.5393],[105.2809,21.5422],[105.271,21.5432],[105.2672,21.5473],[105.2676,21.5499],[105.2747,21.5579],[105.2732,21.5619],[105.2563,21.5747],[105.2485,21.5854],[105.247,21.5954],[105.2447,21.6001],[105.2514,21.6048],[105.247,21.616],[105.233,21.6177],[105.2277,21.6245],[105.2248,21.6301],[105.2328,21.6362],[105.2379,21.6433],[105.2382,21.6479],[105.235,21.6585],[105.23,21.66],[105.2221,21.6601],[105.2164,21.6623],[105.2085,21.6611],[105.1962,21.6685],[105.1919,21.677],[105.185,21.6773],[105.1805,21.6803],[105.1778,21.6872],[105.1714,21.6865],[105.1664,21.6886],[105.1615,21.686],[105.1566,21.6859],[105.1508,21.692],[105.1505,21.6993],[105.132,21.6973],[105.1272,21.703],[105.1237,21.7046],[105.1092,21.7061],[105.1064,21.7121],[105.1019,21.7178],[105.0987,21.7174],[105.0921,21.7198],[105.0861,21.7182],[105.0917,21.7121],[105.0868,21.7037],[105.0899,21.7009],[105.0956,21.7009],[105.0955,21.6959],[105.0997,21.6901],[105.1,21.6835],[105.0938,21.6789],[105.0925,21.681],[105.0836,21.683],[105.0775,21.6812],[105.073,21.6815],[105.0677,21.6844],[105.0612,21.6901],[105.0589,21.6858],[105.0543,21.6863],[105.0446,21.6902],[105.039,21.6975],[105.0309,21.7012],[105.0281,21.6968],[105.0212,21.6927],[105.0197,21.6882],[105.0142,21.6876],[105.0052,21.6886],[105.0002,21.6879],[105.0013,21.6806],[104.9943,21.6783],[104.9913,21.6787],[104.9869,21.6746],[104.9799,21.6728],[104.9864,21.6679],[104.9853,21.6612],[104.973,21.657],[104.9682,21.6479],[104.9612,21.6549],[104.9574,21.6601],[104.9526,21.659],[104.9436,21.6528],[104.9378,21.6513],[104.9371,21.6463],[104.934,21.6426],[104.9293,21.6408],[104.9225,21.6405],[104.9105,21.6346],[104.9045,21.6264],[104.9031,21.6199],[104.9048,21.6098],[104.8964,21.6083],[104.8914,21.6016],[104.8929,21.591],[104.8963,21.5871],[104.8981,21.5782],[104.8976,21.5637],[104.8897,21.5584],[104.8828,21.5587],[104.8767,21.5557],[104.872,21.5554],[104.8678,21.5487],[104.8687,21.5419],[104.8782,21.5356],[104.8814,21.531],[104.8855,21.522],[104.8828,21.519],[104.8825,21.5086],[104.8849,21.5053],[104.8849,21.5005],[104.8875,21.4934],[104.8936,21.4845],[104.8929,21.479],[104.8968,21.4738],[104.8965,21.47],[104.9034,21.4608],[104.9117,21.4476],[104.9123,21.4383],[104.9114,21.4331],[104.9058,21.4288],[104.908,21.4197],[104.9077,21.4142],[104.9001,21.4052],[104.8995,21.4014],[104.8956,21.3957],[104.8926,21.3937],[104.8861,21.3931],[104.8831,21.3909],[104.8843,21.3873],[104.8819,21.3833],[104.8847,21.3797],[104.8836,21.3733],[104.8895,21.3674],[104.8932,21.3653],[104.899,21.3556],[104.9005,21.3512],[104.8963,21.3444],[104.8828,21.342],[104.8726,21.3489],[104.8684,21.3536],[104.8673,21.3597],[104.863,21.3655],[104.8547,21.3649],[104.8534,21.3594],[104.8543,21.3521],[104.8471,21.3529],[104.8445,21.3511],[104.8498,21.3395],[104.8469,21.338],[104.835,21.337],[104.8257,21.3389],[104.82,21.3383],[104.8136,21.3335],[104.815,21.3267],[104.8184,21.3224],[104.829,21.315],[104.8354,21.3142],[104.8429,21.3106],[104.8432,21.3012],[104.8417,21.2922],[104.8415,21.2819],[104.8431,21.2734],[104.8403,21.2649],[104.842,21.2621],[104.8502,21.2556],[104.8489,21.2497],[104.8526,21.2378],[104.8489,21.2305],[104.8441,21.2263],[104.853,21.2235],[104.8593,21.2173],[104.8612,21.2113],[104.8643,21.2103],[104.8635,21.2051],[104.858,21.1887],[104.851,21.1798],[104.8588,21.176],[104.8582,21.1686],[104.856,21.1661],[104.8529,21.1569],[104.8527,21.1529],[104.8614,21.1454],[104.8635,21.1468],[104.8713,21.1444],[104.8717,21.1403],[104.8757,21.139],[104.8813,21.1342],[104.8973,21.1299],[104.8989,21.1241],[104.9058,21.1194],[104.9123,21.1181],[104.9132,21.1125],[104.9064,21.1126],[104.898,21.1076],[104.8942,21.1075],[104.8767,21.0987],[104.8714,21.0925],[104.8729,21.085],[104.8679,21.0759],[104.8573,21.079],[104.853,21.0765],[104.8542,21.0684],[104.8572,21.0639],[104.8596,21.0571],[104.8592,21.052],[104.8616,21.0499],[104.8662,21.0386],[104.8662,21.0332],[104.8686,21.0296],[104.88,21.0236],[104.8842,21.0156],[104.8903,21.0096],[104.8933,20.9963],[104.8961,20.9889],[104.903,20.9782],[104.9199,20.9669],[104.9231,20.9636],[104.9293,20.9513],[104.9361,20.9414],[104.9384,20.9338],[104.9405,20.9314],[104.9494,20.9276],[104.9634,20.913],[104.9737,20.9106],[104.9769,20.9064],[104.9778,20.8966],[104.9806,20.8895],[104.9873,20.8828],[104.9909,20.8773],[104.9904,20.8708],[105.0004,20.8581],[105.0011,20.8545],[104.9976,20.8467],[105.0058,20.8453],[105.0067,20.8429],[105.0022,20.8317],[105.0022,20.8241],[104.9979,20.8178],[105.0088,20.8083],[105.0253,20.8023],[105.0216,20.7993],[105.015,20.7914],[105.0124,20.7852],[105.0061,20.7891],[105.0057,20.7823],[104.9967,20.7628],[104.9925,20.7604],[104.9912,20.7536],[104.9931,20.7507],[104.9991,20.7504],[105.0058,20.745],[105.0108,20.7429],[105.014,20.7361],[105.0132,20.7329],[105.0183,20.7276],[105.0134,20.7252],[104.9985,20.7235],[104.9895,20.7241],[104.9856,20.7225],[104.9727,20.7283],[104.9688,20.7329],[104.9569,20.7368],[104.9498,20.7415],[104.9464,20.7362],[104.9377,20.7451],[104.9246,20.7429],[104.9174,20.7515],[104.9122,20.7544],[104.9065,20.7533],[104.8972,20.7577],[104.8949,20.7632],[104.8908,20.7614],[104.886,20.7636],[104.8826,20.7675],[104.8751,20.7676],[104.8687,20.7638],[104.859,20.7542],[104.8479,20.7541],[104.8383,20.748],[104.8364,20.7343],[104.8448,20.7312],[104.8392,20.7209],[104.841,20.7109],[104.8448,20.7089],[104.8494,20.7029],[104.8424,20.6989],[104.8387,20.6992],[104.8369,20.6953],[104.8404,20.691],[104.8416,20.6858],[104.8411,20.6785],[104.8372,20.6606],[104.8466,20.6521]]]},"properties":{"Ma":"12","Cap":1,"STT":24,"TinhThanh":"Phú Thọ","SapNhap":"Phú Thọ, Vĩnh Phúc, Hoà Bình","SoXa":148,"Loai":"Tỉnh","Dtich_km2":9361.8,"DanSo_ng":4022493,"MD_ngkm2":429.7,"label_lng":105.28603,"label_lat":21.01437}},{"type":"Feature","geometry":{"type":"MultiPolygon","coordinates":[[[[106.9941,20.9235],[106.9928,20.9271],[106.9965,20.9322],[106.996,20.9367],[106.9916,20.9405],[106.9842,20.942],[106.9827,20.94],[106.974,20.9388],[106.9722,20.9361],[106.9751,20.9326],[106.976,20.925],[106.9753,20.9201],[106.9782,20.914],[106.9879,20.9138],[106.99,20.9166],[106.99,20.9222],[106.9941,20.9235]]],[[[107.15,20.938],[107.1441,20.9374],[107.1446,20.9332],[107.1465,20.9324],[107.1495,20.9346],[107.15,20.938]]],[[[107.2179,20.9627],[107.2169,20.9648],[107.21,20.9636],[107.2079,20.9566],[107.2048,20.9537],[107.2057,20.949],[107.2123,20.9521],[107.2143,20.9562],[107.2127,20.9594],[107.2179,20.9627]]],[[[106.5019,21.2244],[106.4984,21.2112],[106.5008,21.2033],[106.5003,21.2008],[106.4945,21.1991],[106.4969,21.1847],[106.4929,21.1835],[106.487,21.1724],[106.4892,21.1664],[106.4833,21.1606],[106.4797,21.1461],[106.4837,21.145],[106.4841,21.1365],[106.4812,21.1334],[106.4838,21.1287],[106.4738,21.1227],[106.473,21.1188],[106.4655,21.1177],[106.4616,21.1151],[106.4524,21.1184],[106.4415,21.1169],[106.4423,21.1098],[106.439,21.1073],[106.4433,21.1008],[106.4497,21.0966],[106.4507,21.0944],[106.4456,21.0896],[106.4443,21.0845],[106.4406,21.0797],[106.4455,21.0759],[106.4473,21.07],[106.454,21.0699],[106.4552,21.0657],[106.4584,21.0649],[106.4767,21.0695],[106.4873,21.0679],[106.4986,21.0607],[106.5036,21.0565],[106.5088,21.0586],[106.5177,21.059],[106.5171,21.0514],[106.5187,21.0478],[106.524,21.0492],[106.5331,21.0475],[106.5375,21.0521],[106.546,21.0546],[106.5557,21.0529],[106.5625,21.0561],[106.5685,21.0531],[106.5721,21.0563],[106.5773,21.0563],[106.5855,21.0501],[106.5962,21.0406],[106.6023,21.0385],[106.609,21.0298],[106.6107,21.0211],[106.6157,21.0198],[106.6235,21.0121],[106.6342,21.0114],[106.642,21.0148],[106.6471,21.0193],[106.6531,21.019],[106.677,21.0101],[106.686,21.0054],[106.7087,20.9991],[106.7237,20.9967],[106.7403,20.999],[106.7474,20.9975],[106.7568,20.9918],[106.7657,20.9795],[106.7688,20.9711],[106.7696,20.9581],[106.7691,20.9429],[106.7717,20.9242],[106.7711,20.9136],[106.766,20.9014],[106.7565,20.8912],[106.7531,20.8829],[106.7527,20.879],[106.7574,20.8641],[106.7656,20.8497],[106.7717,20.8433],[106.7808,20.8359],[106.7887,20.832],[106.8083,20.8311],[106.8166,20.829],[106.8246,20.8233],[106.8331,20.812],[106.8447,20.8194],[106.8736,20.8338],[106.8715,20.8378],[106.8656,20.8546],[106.8658,20.8691],[106.8709,20.873],[106.8708,20.8792],[106.8758,20.8869],[106.8766,20.8911],[106.8812,20.8929],[106.8854,20.9021],[106.8957,20.9037],[106.8965,20.9024],[106.9133,20.9089],[106.9197,20.9105],[106.9301,20.9078],[106.9388,20.9091],[106.946,20.9077],[106.9468,20.9137],[106.9396,20.9162],[106.9411,20.9339],[106.9511,20.9386],[106.954,20.9422],[106.959,20.9438],[106.9619,20.9508],[106.9722,20.9516],[106.9787,20.9544],[106.9876,20.9567],[106.9899,20.9533],[106.9977,20.9526],[107.0033,20.9543],[107.0094,20.9521],[107.0189,20.9511],[107.0193,20.948],[107.0322,20.9464],[107.0591,20.9577],[107.0677,20.9551],[107.0762,20.9454],[107.0803,20.9453],[107.0854,20.9496],[107.0997,20.9481],[107.1061,20.9417],[107.1158,20.9375],[107.1282,20.9365],[107.1319,20.9395],[107.1389,20.9389],[107.1402,20.9426],[107.1457,20.9419],[107.1512,20.9381],[107.1497,20.9346],[107.1486,20.933],[107.1532,20.932],[107.1593,20.9274],[107.1639,20.9292],[107.1641,20.9319],[107.1747,20.9341],[107.1918,20.9353],[107.1993,20.9347],[107.2033,20.9405],[107.2021,20.9465],[107.1969,20.9509],[107.2009,20.9549],[107.199,20.9619],[107.2128,20.9673],[107.2139,20.9722],[107.2283,20.9758],[107.2304,20.9801],[107.239,20.9876],[107.241,20.993],[107.247,20.9934],[107.2498,20.9978],[107.2662,20.9967],[107.2658,21.0005],[107.2716,21.0009],[107.2755,20.9981],[107.2813,20.9986],[107.2837,20.9965],[107.2907,20.9961],[107.2941,20.9915],[107.3029,20.9907],[107.308,20.9943],[107.3133,20.991],[107.3236,20.987],[107.328,20.9864],[107.3308,20.9914],[107.3416,20.994],[107.3566,21.0013],[107.3614,21.0083],[107.3638,21.0086],[107.3686,21.0148],[107.3658,21.0171],[107.3834,21.0409],[107.3956,21.0482],[107.4053,21.049],[107.4124,21.0515],[107.4177,21.0575],[107.4229,21.0606],[107.4287,21.0595],[107.4253,21.0667],[107.4297,21.0697],[107.4332,21.0685],[107.4349,21.073],[107.4409,21.0747],[107.4532,21.0872],[107.4585,21.0825],[107.4648,21.0865],[107.4688,21.0868],[107.4729,21.0951],[107.4788,21.1031],[107.4857,21.1061],[107.4862,21.1083],[107.5064,21.1216],[107.5116,21.1239],[107.5183,21.1299],[107.5231,21.1309],[107.5316,21.1356],[107.5354,21.1398],[107.5411,21.1432],[107.5649,21.1612],[107.5684,21.1664],[107.5736,21.1708],[107.5739,21.1754],[107.5815,21.1765],[107.5848,21.1796],[107.5873,21.1851],[107.5931,21.188],[107.5934,21.1909],[107.5985,21.199],[107.599,21.2016],[107.6058,21.2037],[107.6116,21.2182],[107.6068,21.2193],[107.5963,21.2189],[107.5939,21.2143],[107.5811,21.2066],[107.5689,21.203],[107.5639,21.2034],[107.5568,21.1994],[107.5482,21.1975],[107.543,21.1975],[107.5432,21.1931],[107.5388,21.1935],[107.5378,21.1965],[107.5309,21.1989],[107.5341,21.2014],[107.5327,21.2107],[107.5298,21.2162],[107.526,21.2199],[107.527,21.2231],[107.5231,21.2268],[107.5182,21.2266],[107.5187,21.2305],[107.5042,21.2411],[107.5005,21.2457],[107.5005,21.2923],[107.5125,21.2946],[107.5196,21.2923],[107.5363,21.29],[107.5473,21.2902],[107.55,21.2934],[107.5591,21.2929],[107.565,21.287],[107.5693,21.2863],[107.5701,21.2915],[107.5762,21.292],[107.5806,21.2882],[107.5856,21.2874],[107.5878,21.2905],[107.5931,21.2918],[107.5992,21.2897],[107.6055,21.2911],[107.6094,21.2969],[107.6183,21.3055],[107.615,21.3102],[107.6213,21.3117],[107.6233,21.3177],[107.6295,21.3236],[107.6289,21.3263],[107.6346,21.334],[107.6424,21.3398],[107.6478,21.3477],[107.6477,21.3532],[107.6504,21.3541],[107.6478,21.366],[107.6548,21.3708],[107.6609,21.3674],[107.6682,21.3692],[107.6691,21.3745],[107.6738,21.3769],[107.6756,21.3807],[107.6872,21.3823],[107.6959,21.3893],[107.7038,21.3888],[107.7095,21.3869],[107.715,21.3894],[107.7189,21.3943],[107.7384,21.399],[107.7552,21.4047],[107.753,21.4107],[107.7586,21.417],[107.7567,21.4181],[107.7616,21.4248],[107.7575,21.4262],[107.759,21.4317],[107.7625,21.4352],[107.7617,21.4393],[107.7649,21.4419],[107.7654,21.4469],[107.775,21.4543],[107.7797,21.455],[107.7846,21.4598],[107.7832,21.462],[107.7873,21.4693],[107.7921,21.4722],[107.8172,21.4708],[107.8262,21.4694],[107.826,21.4588],[107.8329,21.4507],[107.8369,21.4512],[107.837,21.4406],[107.8418,21.447],[107.8454,21.4497],[107.8492,21.4595],[107.8937,21.4625],[107.8891,21.4554],[107.8878,21.4491],[107.8851,21.4458],[107.884,21.4379],[107.8934,21.4348],[107.895,21.4302],[107.9067,21.4245],[107.9128,21.4176],[107.9187,21.4061],[107.9215,21.403],[107.9279,21.3999],[107.9529,21.4013],[107.9523,21.4052],[107.9564,21.4099],[107.9565,21.4147],[107.9545,21.422],[107.9519,21.4255],[107.9523,21.4365],[107.9546,21.4415],[107.9672,21.4463],[107.9678,21.4404],[107.9658,21.4347],[107.9694,21.4332],[107.9775,21.436],[107.9825,21.4449],[107.9935,21.4572],[108.0029,21.4657],[108.0098,21.4702],[108.0207,21.476],[108.0382,21.4817],[108.0598,21.4849],[108.0668,21.4887],[108.0677,21.4935],[108.0646,21.4941],[108.05,21.4935],[108.0411,21.4925],[108.0318,21.4871],[108.0272,21.4876],[108.0266,21.4957],[108.0323,21.4985],[108.0327,21.5032],[108.0363,21.5028],[108.0343,21.5094],[108.0271,21.5091],[108.0268,21.5139],[108.0377,21.5156],[108.0379,21.5222],[108.0319,21.5287],[108.0341,21.5322],[108.0384,21.531],[108.0421,21.5255],[108.046,21.5243],[108.0492,21.5287],[108.0446,21.5358],[108.0367,21.5404],[108.0359,21.5464],[108.022,21.5485],[108.0109,21.5465],[108.0062,21.5485],[107.9925,21.5465],[107.9857,21.5438],[107.9799,21.5447],[107.9743,21.5395],[107.9712,21.5408],[107.9679,21.5366],[107.961,21.5378],[107.9554,21.5366],[107.9518,21.5398],[107.942,21.5659],[107.9427,21.5698],[107.9359,21.5747],[107.9294,21.5772],[107.9277,21.5815],[107.9236,21.5854],[107.922,21.5893],[107.916,21.5861],[107.8994,21.5926],[107.8962,21.5963],[107.8902,21.5988],[107.893,21.602],[107.8915,21.6066],[107.8852,21.6064],[107.8834,21.6123],[107.8899,21.6141],[107.8907,21.6167],[107.8853,21.621],[107.8881,21.626],[107.8778,21.6321],[107.8777,21.6403],[107.8715,21.642],[107.8714,21.6474],[107.8675,21.6495],[107.8604,21.6496],[107.8574,21.6548],[107.8522,21.6506],[107.8455,21.6491],[107.8435,21.6415],[107.8339,21.6434],[107.8308,21.6498],[107.8269,21.6533],[107.8212,21.6537],[107.8155,21.6584],[107.811,21.6572],[107.804,21.6578],[107.8037,21.655],[107.7963,21.6536],[107.7885,21.6561],[107.7828,21.6554],[107.7791,21.6481],[107.7735,21.6483],[107.7708,21.6449],[107.7643,21.6429],[107.7553,21.6422],[107.7412,21.639],[107.7348,21.6326],[107.7291,21.63],[107.7213,21.6288],[107.7154,21.6213],[107.7059,21.6187],[107.6991,21.6157],[107.6949,21.6165],[107.6905,21.6147],[107.6868,21.6107],[107.6751,21.6107],[107.6692,21.614],[107.6652,21.6141],[107.6608,21.6104],[107.6516,21.6075],[107.6303,21.6074],[107.621,21.6086],[107.6119,21.6082],[107.603,21.6036],[107.5903,21.6065],[107.5854,21.6107],[107.5826,21.6163],[107.5735,21.6166],[107.5694,21.6121],[107.5568,21.6128],[107.5568,21.6093],[107.5481,21.599],[107.5467,21.5937],[107.5433,21.5894],[107.538,21.5938],[107.5331,21.5933],[107.5307,21.5904],[107.5228,21.5906],[107.5197,21.5935],[107.5162,21.5931],[107.5048,21.5977],[107.4998,21.595],[107.4926,21.5966],[107.4896,21.5987],[107.4906,21.6037],[107.4937,21.6047],[107.494,21.6092],[107.4981,21.6148],[107.4923,21.6241],[107.4884,21.6241],[107.4839,21.631],[107.4851,21.6368],[107.4834,21.6452],[107.4839,21.6488],[107.4809,21.6542],[107.4822,21.6569],[107.4781,21.6619],[107.4668,21.6649],[107.4555,21.6591],[107.4494,21.6578],[107.4389,21.6514],[107.434,21.6511],[107.4272,21.6459],[107.4171,21.6395],[107.4175,21.6328],[107.4089,21.6272],[107.4082,21.623],[107.3988,21.6194],[107.3951,21.6167],[107.3978,21.6098],[107.3935,21.6079],[107.3911,21.6034],[107.3843,21.5986],[107.3827,21.5956],[107.3732,21.5991],[107.3683,21.6027],[107.3653,21.5991],[107.3623,21.6001],[107.3584,21.5951],[107.3467,21.5946],[107.3383,21.5884],[107.33,21.5874],[107.3276,21.5923],[107.3223,21.5941],[107.3173,21.5936],[107.3137,21.59],[107.3089,21.596],[107.2943,21.5922],[107.2905,21.5853],[107.2902,21.5817],[107.2842,21.5789],[107.2842,21.569],[107.2804,21.5649],[107.2734,21.5625],[107.267,21.5649],[107.2557,21.5619],[107.2531,21.5587],[107.2476,21.5565],[107.2472,21.5496],[107.2453,21.5482],[107.2403,21.5515],[107.2324,21.5545],[107.2279,21.5517],[107.2226,21.5532],[107.2169,21.5524],[107.2136,21.5474],[107.2072,21.5447],[107.2046,21.5406],[107.2112,21.5309],[107.2165,21.5316],[107.2216,21.5262],[107.2235,21.5197],[107.2302,21.521],[107.2337,21.5194],[107.2339,21.5142],[107.2386,21.5058],[107.2363,21.5027],[107.2365,21.4963],[107.2464,21.4824],[107.245,21.4779],[107.2397,21.4728],[107.242,21.4685],[107.2384,21.4593],[107.241,21.4551],[107.2414,21.4458],[107.2455,21.4435],[107.2453,21.4393],[107.2418,21.4349],[107.2479,21.4296],[107.2483,21.4236],[107.254,21.4226],[107.2574,21.4172],[107.2562,21.4137],[107.2587,21.4074],[107.2577,21.4046],[107.265,21.4001],[107.2607,21.392],[107.2612,21.388],[107.2585,21.3844],[107.259,21.3792],[107.2557,21.3708],[107.2519,21.3663],[107.2459,21.3671],[107.2407,21.3649],[107.2355,21.3737],[107.2275,21.3775],[107.2227,21.3851],[107.2172,21.3885],[107.2094,21.3866],[107.2037,21.379],[107.1993,21.3776],[107.1941,21.3791],[107.192,21.3755],[107.1862,21.3758],[107.1827,21.3711],[107.1773,21.3691],[107.1699,21.3635],[107.1555,21.3681],[107.1472,21.3644],[107.1419,21.3664],[107.1433,21.3691],[107.1345,21.3711],[107.1269,21.3692],[107.1108,21.3761],[107.1056,21.3752],[107.102,21.3769],[107.0972,21.374],[107.0946,21.3617],[107.0929,21.3575],[107.0852,21.3553],[107.0831,21.3507],[107.0787,21.3463],[107.0633,21.3484],[107.0596,21.346],[107.0578,21.3407],[107.0519,21.3355],[107.0492,21.3283],[107.0417,21.3281],[107.032,21.3251],[107.0334,21.3219],[107.0337,21.3143],[107.0307,21.3095],[107.0263,21.3071],[107.02,21.2992],[107.0157,21.2989],[107.0104,21.295],[107.0032,21.2933],[106.9999,21.2954],[106.9931,21.2932],[106.9837,21.2921],[106.9725,21.284],[106.9749,21.2801],[106.9743,21.2748],[106.9757,21.2708],[106.984,21.2654],[106.9858,21.2569],[106.9813,21.2491],[106.9814,21.2444],[106.9772,21.2395],[106.9779,21.2336],[106.9762,21.2299],[106.9783,21.2264],[106.9691,21.2235],[106.9626,21.2102],[106.9562,21.2064],[106.9554,21.1902],[106.9474,21.1885],[106.9458,21.1798],[106.9427,21.1733],[106.9376,21.172],[106.9358,21.1689],[106.9305,21.1707],[106.9232,21.1771],[106.9163,21.1844],[106.9043,21.1829],[106.8926,21.1789],[106.8837,21.1836],[106.8804,21.1827],[106.8738,21.1739],[106.863,21.1754],[106.8588,21.1784],[106.8569,21.1882],[106.8509,21.1886],[106.8408,21.186],[106.8254,21.1882],[106.8254,21.1822],[106.8272,21.1784],[106.826,21.1665],[106.827,21.1626],[106.8332,21.1525],[106.8189,21.1563],[106.8128,21.1538],[106.8048,21.1546],[106.7949,21.1491],[106.7853,21.1513],[106.7692,21.1524],[106.7671,21.1558],[106.7577,21.1552],[106.7438,21.1568],[106.733,21.1612],[106.7249,21.159],[106.7216,21.1619],[106.7151,21.1607],[106.7065,21.1684],[106.7025,21.1669],[106.6964,21.1703],[106.682,21.1666],[106.6799,21.1698],[106.6715,21.17],[106.6564,21.1742],[106.6534,21.1734],[106.6411,21.1805],[106.6403,21.1715],[106.631,21.1719],[106.6255,21.1709],[106.6203,21.1721],[106.6097,21.1702],[106.6087,21.1757],[106.605,21.1797],[106.5888,21.1781],[106.5909,21.1838],[106.5876,21.1882],[106.5799,21.1924],[106.5678,21.1888],[106.5638,21.1916],[106.5561,21.1945],[106.5462,21.191],[106.5425,21.1924],[106.5413,21.1967],[106.5361,21.2057],[106.5336,21.2141],[106.5304,21.2182],[106.5294,21.2226],[106.5194,21.2251],[106.5124,21.2216],[106.5073,21.2218],[106.5019,21.2244]]],[[[107.3413,20.8484],[107.3366,20.8526],[107.3346,20.8484],[107.3387,20.8369],[107.3425,20.8317],[107.3405,20.8274],[107.3439,20.8042],[107.3476,20.8033],[107.3498,20.8066],[107.3651,20.8057],[107.3709,20.8039],[107.3756,20.7997],[107.3805,20.7934],[107.3843,20.7949],[107.3848,20.7985],[107.3807,20.8023],[107.3797,20.8138],[107.3803,20.8245],[107.3738,20.8255],[107.368,20.8247],[107.3569,20.8311],[107.3564,20.8355],[107.3522,20.8368],[107.351,20.8324],[107.3472,20.8306],[107.3463,20.8401],[107.3413,20.8484]]],[[[107.3615,20.8378],[107.3593,20.8433],[107.3568,20.8431],[107.3564,20.8371],[107.3615,20.8378]]],[[[107.3038,20.8991],[107.2968,20.9026],[107.2964,20.8988],[107.2997,20.892],[107.3101,20.8808],[107.3137,20.8846],[107.3095,20.893],[107.3038,20.8991]]],[[[107.3437,20.8972],[107.3422,20.8926],[107.3467,20.889],[107.3505,20.8932],[107.3437,20.8972]]],[[[107.3149,20.9093],[107.3136,20.9142],[107.3059,20.9077],[107.3102,20.9005],[107.3084,20.8977],[107.3158,20.8851],[107.3214,20.8868],[107.3185,20.8965],[107.319,20.9001],[107.3149,20.9093]]],[[[107.3432,20.9213],[107.3206,20.9281],[107.3172,20.9283],[107.3108,20.9241],[107.312,20.9224],[107.3209,20.9224],[107.3232,20.9195],[107.3317,20.918],[107.341,20.9138],[107.3493,20.915],[107.3432,20.9213]]],[[[107.3832,20.9561],[107.3829,20.9616],[107.3772,20.9574],[107.3744,20.9602],[107.3706,20.9559],[107.3679,20.9501],[107.3646,20.9476],[107.3525,20.9413],[107.3487,20.9418],[107.3412,20.9392],[107.3376,20.944],[107.329,20.9432],[107.3232,20.9413],[107.3195,20.9382],[107.3114,20.935],[107.3177,20.931],[107.3317,20.9278],[107.3363,20.9277],[107.3489,20.9251],[107.3613,20.9299],[107.3675,20.9338],[107.3718,20.9404],[107.377,20.9425],[107.3842,20.9499],[107.3832,20.9561]]],[[[107.3992,20.7527],[107.3986,20.7568],[107.3929,20.7574],[107.388,20.7529],[107.3887,20.7452],[107.3956,20.7487],[107.3992,20.7527]]],[[[107.3614,20.8872],[107.3534,20.891],[107.3498,20.8881],[107.3456,20.8874],[107.3396,20.8897],[107.3367,20.894],[107.3317,20.8953],[107.3289,20.8935],[107.3284,20.889],[107.3306,20.8836],[107.3283,20.8798],[107.3299,20.876],[107.3371,20.8725],[107.3373,20.8814],[107.3386,20.887],[107.3453,20.8746],[107.3451,20.8698],[107.351,20.8611],[107.3551,20.8593],[107.3585,20.8621],[107.3641,20.8602],[107.3733,20.8589],[107.3798,20.8627],[107.3838,20.8667],[107.3887,20.8638],[107.3921,20.8654],[107.3864,20.8704],[107.3827,20.87],[107.3731,20.8758],[107.3744,20.8775],[107.387,20.8767],[107.392,20.8776],[107.3929,20.8813],[107.3868,20.8858],[107.3856,20.89],[107.3794,20.8885],[107.3733,20.8916],[107.3694,20.8895],[107.3642,20.8898],[107.3614,20.8872]]],[[[107.3557,20.9002],[107.3588,20.9012],[107.3745,20.903],[107.3854,20.9058],[107.3964,20.9107],[107.3977,20.9128],[107.4057,20.9135],[107.4081,20.9162],[107.414,20.919],[107.4198,20.9196],[107.4224,20.9251],[107.4281,20.9277],[107.435,20.9357],[107.4449,20.9424],[107.4504,20.9519],[107.4508,20.9579],[107.4549,20.9663],[107.4508,20.969],[107.4353,20.9583],[107.4278,20.9498],[107.4274,20.9469],[107.421,20.9485],[107.4198,20.941],[107.413,20.9254],[107.4054,20.92],[107.3931,20.917],[107.3865,20.9168],[107.3718,20.9101],[107.3513,20.9053],[107.3501,20.9028],[107.3557,20.9002]]],[[[107.3854,20.9416],[107.3924,20.9428],[107.3894,20.946],[107.3856,20.9461],[107.3854,20.9416]]],[[[107.3827,21.0202],[107.3858,21.0278],[107.3884,21.0309],[107.3928,21.0314],[107.3915,21.0358],[107.3881,21.0386],[107.3831,21.0379],[107.3828,21.0325],[107.3799,21.0194],[107.3827,21.0202]]],[[[107.4141,20.805],[107.4067,20.8097],[107.4036,20.8079],[107.3997,20.8014],[107.399,20.7944],[107.3999,20.78],[107.4066,20.7783],[107.4114,20.7732],[107.4161,20.7747],[107.4179,20.7872],[107.4224,20.7973],[107.4199,20.8018],[107.4141,20.805]]],[[[107.4481,20.9005],[107.4453,20.9053],[107.4406,20.9047],[107.4373,20.902],[107.4197,20.8964],[107.4157,20.8921],[107.424,20.8885],[107.4283,20.8837],[107.4395,20.887],[107.4439,20.8917],[107.4491,20.8929],[107.4523,20.9004],[107.4481,20.9005]]],[[[107.4661,20.7272],[107.4696,20.7303],[107.4705,20.7372],[107.4663,20.7374],[107.463,20.7321],[107.458,20.7272],[107.4515,20.7228],[107.4488,20.7232],[107.4469,20.7179],[107.4538,20.7167],[107.4582,20.7185],[107.4661,20.7272]]],[[[107.4813,20.9674],[107.4798,20.9756],[107.4757,20.9776],[107.4709,20.975],[107.4706,20.972],[107.4648,20.9657],[107.46,20.9558],[107.4576,20.9542],[107.457,20.9462],[107.4514,20.9405],[107.4434,20.9342],[107.4449,20.9321],[107.4509,20.9347],[107.4526,20.9381],[107.4574,20.9404],[107.4603,20.9445],[107.4653,20.9473],[107.4735,20.9555],[107.4785,20.9653],[107.4813,20.9674]]],[[[107.4461,21.0218],[107.4419,21.021],[107.4342,21.0117],[107.4411,21.0114],[107.4461,21.0218]]],[[[107.489,20.7715],[107.4819,20.7714],[107.4727,20.7627],[107.4754,20.759],[107.4819,20.7575],[107.4875,20.763],[107.4897,20.7677],[107.489,20.7715]]],[[[107.5338,20.9095],[107.5443,20.922],[107.5512,20.9253],[107.5605,20.9339],[107.5572,20.9371],[107.5517,20.9475],[107.5522,20.9522],[107.5563,20.961],[107.5596,20.9634],[107.5595,20.9685],[107.5508,20.9665],[107.5479,20.9627],[107.5432,20.9618],[107.5371,20.9526],[107.531,20.9409],[107.5312,20.9359],[107.5268,20.9241],[107.5209,20.9166],[107.5105,20.9123],[107.5049,20.9112],[107.5027,20.9084],[107.4955,20.9071],[107.4921,20.9018],[107.4864,20.9028],[107.4792,20.8991],[107.4796,20.8945],[107.4766,20.8922],[107.4744,20.885],[107.477,20.8804],[107.4838,20.8791],[107.4901,20.8759],[107.4924,20.8723],[107.4904,20.8641],[107.4827,20.8575],[107.4835,20.8523],[107.4766,20.8326],[107.4712,20.8263],[107.4718,20.8197],[107.4684,20.8168],[107.4712,20.8142],[107.4774,20.816],[107.4823,20.8231],[107.4855,20.8342],[107.4875,20.8365],[107.4918,20.8472],[107.4952,20.861],[107.5011,20.8696],[107.5074,20.8767],[107.5184,20.8834],[107.5198,20.89],[107.5237,20.8971],[107.5338,20.9095]]],[[[107.5161,20.9233],[107.5231,20.9301],[107.5223,20.9392],[107.5266,20.9426],[107.5321,20.9572],[107.5351,20.962],[107.5394,20.978],[107.5444,20.9814],[107.547,20.9888],[107.5523,20.9951],[107.548,20.9953],[107.5436,21.0023],[107.5469,21.0069],[107.5449,21.0124],[107.5457,21.0198],[107.5527,21.0255],[107.5575,21.0342],[107.5608,21.0376],[107.5575,21.0457],[107.5505,21.0451],[107.5496,21.0396],[107.5514,21.0334],[107.5503,21.0301],[107.5462,21.0271],[107.5424,21.021],[107.5408,21.0159],[107.5359,21.0096],[107.5336,21.0227],[107.5376,21.0293],[107.5364,21.0342],[107.5381,21.0419],[107.5339,21.04],[107.5279,21.0312],[107.5253,21.031],[107.5232,21.0247],[107.5194,21.0246],[107.5146,21.017],[107.5142,21.0112],[107.5108,21.012],[107.5096,21.0185],[107.5031,21.0122],[107.4977,21.0004],[107.491,20.9948],[107.49,20.9889],[107.4853,20.9877],[107.4864,20.9811],[107.4796,20.9818],[107.4834,20.9738],[107.4889,20.9739],[107.4881,20.9649],[107.4822,20.9577],[107.482,20.9547],[107.4759,20.9477],[107.4576,20.9366],[107.453,20.9321],[107.4459,20.9301],[107.4371,20.9219],[107.4339,20.9177],[107.4221,20.9165],[107.4185,20.9148],[107.4152,20.9092],[107.4034,20.9031],[107.3967,20.9032],[107.3941,20.8993],[107.3955,20.8923],[107.3987,20.8912],[107.4069,20.8937],[107.4083,20.8973],[107.419,20.9034],[107.4252,20.9043],[107.4335,20.9089],[107.4453,20.9126],[107.4566,20.9172],[107.4608,20.9116],[107.4549,20.9101],[107.4611,20.9049],[107.4773,20.911],[107.4819,20.9101],[107.4835,20.9156],[107.4868,20.9135],[107.4928,20.9142],[107.4958,20.9164],[107.506,20.9184],[107.507,20.9208],[107.5141,20.9212],[107.5161,20.9233]]],[[[107.5325,21.0699],[107.5266,21.0732],[107.5269,21.0674],[107.5196,21.0612],[107.5191,21.0567],[107.51,21.0557],[107.5058,21.0513],[107.5015,21.0506],[107.4998,21.0458],[107.5045,21.0414],[107.5118,21.0499],[107.5173,21.0466],[107.5239,21.0518],[107.5267,21.0566],[107.5367,21.0615],[107.537,21.0642],[107.5325,21.0699]]],[[[107.5081,21.0707],[107.515,21.0734],[107.5076,21.0756],[107.5033,21.073],[107.498,21.0728],[107.499,21.0684],[107.5033,21.0674],[107.5081,21.0707]]],[[[107.5349,21.2814],[107.5311,21.2854],[107.5232,21.2795],[107.5226,21.2766],[107.5264,21.2679],[107.529,21.2649],[107.5333,21.2654],[107.5391,21.2708],[107.5484,21.2753],[107.5508,21.2783],[107.5441,21.282],[107.5366,21.2828],[107.5349,21.2814]]],[[[107.6237,21.109],[107.6298,21.1202],[107.6254,21.1196],[107.6208,21.1154],[107.6119,21.103],[107.6079,21.0962],[107.6023,21.0891],[107.5976,21.0855],[107.5929,21.0783],[107.5895,21.0756],[107.5854,21.0649],[107.587,21.0563],[107.5861,21.0498],[107.5841,21.0479],[107.5831,21.0404],[107.585,21.0356],[107.5777,21.0302],[107.573,21.0226],[107.5701,21.0142],[107.5715,21.0115],[107.5646,20.9998],[107.5667,20.9912],[107.5731,20.9904],[107.5728,20.9878],[107.5649,20.9854],[107.5623,20.975],[107.5648,20.9695],[107.5697,20.9713],[107.577,20.9791],[107.5787,20.9874],[107.5848,21.0039],[107.5882,21.0244],[107.5914,21.0283],[107.5965,21.0302],[107.5997,21.0408],[107.5991,21.0491],[107.6031,21.0537],[107.6099,21.0665],[107.6097,21.0711],[107.6155,21.0846],[107.616,21.09],[107.6237,21.109]]],[[[107.5598,21.0568],[107.5579,21.0589],[107.5588,21.0686],[107.5535,21.0678],[107.5487,21.0609],[107.5487,21.0542],[107.5567,21.05],[107.5598,21.0568]]],[[[107.5811,21.1121],[107.5807,21.1172],[107.5715,21.1178],[107.5628,21.1115],[107.5555,21.1147],[107.5535,21.1178],[107.5494,21.1142],[107.5452,21.1062],[107.5445,21.1001],[107.5354,21.0953],[107.5396,21.0892],[107.5338,21.0894],[107.5322,21.0874],[107.526,21.088],[107.5295,21.0788],[107.5372,21.0706],[107.5389,21.0649],[107.5453,21.0678],[107.5465,21.0708],[107.5551,21.0734],[107.5604,21.0762],[107.5624,21.0801],[107.5605,21.0845],[107.5551,21.0841],[107.5539,21.0875],[107.5606,21.0872],[107.5673,21.0822],[107.571,21.0849],[107.574,21.0945],[107.5785,21.1027],[107.5751,21.1063],[107.5801,21.109],[107.5811,21.1121]]],[[[107.5847,21.0935],[107.5886,21.1009],[107.585,21.1012],[107.5847,21.0935]]],[[[107.5766,21.1272],[107.5825,21.1344],[107.5812,21.1384],[107.5773,21.1384],[107.5718,21.1341],[107.5662,21.1379],[107.5616,21.135],[107.5621,21.1322],[107.5565,21.1287],[107.556,21.1225],[107.5585,21.1196],[107.5641,21.1183],[107.5715,21.1248],[107.5766,21.1272]]],[[[107.668,21.1763],[107.6724,21.1849],[107.6726,21.1933],[107.6743,21.2029],[107.6821,21.2126],[107.6778,21.2151],[107.6697,21.2075],[107.6686,21.2015],[107.6616,21.1903],[107.6562,21.1869],[107.6559,21.1823],[107.6593,21.1787],[107.6588,21.1674],[107.6548,21.1509],[107.6543,21.1401],[107.657,21.1378],[107.6658,21.1453],[107.6642,21.1621],[107.668,21.1763]]],[[[107.5756,21.2079],[107.5868,21.2137],[107.5844,21.2162],[107.5792,21.2126],[107.5756,21.2079]]],[[[107.5941,21.2273],[107.5995,21.2302],[107.5947,21.2328],[107.5838,21.2263],[107.5845,21.2234],[107.5941,21.2273]]],[[[107.6324,21.2331],[107.6384,21.2421],[107.628,21.237],[107.6324,21.2331]]],[[[107.6353,21.2559],[107.6235,21.2542],[107.6198,21.255],[107.6167,21.2507],[107.6087,21.2484],[107.6015,21.2431],[107.5931,21.2402],[107.5958,21.2363],[107.6032,21.2405],[107.6053,21.2368],[107.6095,21.2347],[107.614,21.2368],[107.6253,21.246],[107.6304,21.247],[107.633,21.2504],[107.6313,21.2531],[107.6353,21.2559]]],[[[107.5453,21.2664],[107.5466,21.2708],[107.539,21.2676],[107.5355,21.2619],[107.5394,21.2585],[107.5457,21.2562],[107.5491,21.26],[107.5453,21.2664]]],[[[107.5477,21.2646],[107.5512,21.2555],[107.5593,21.2537],[107.5652,21.2592],[107.5773,21.2595],[107.5756,21.2626],[107.5865,21.261],[107.5857,21.2659],[107.5815,21.2668],[107.5732,21.2726],[107.5708,21.2765],[107.5633,21.2763],[107.5493,21.2724],[107.5458,21.2671],[107.5477,21.2646]]],[[[107.6437,21.267],[107.6478,21.2669],[107.6492,21.2704],[107.6475,21.2738],[107.6419,21.2697],[107.6437,21.267]]],[[[107.6681,21.2788],[107.6649,21.2837],[107.6577,21.2806],[107.6507,21.2756],[107.6507,21.2721],[107.6561,21.2711],[107.6632,21.277],[107.6681,21.2788]]],[[[107.5556,21.281],[107.5531,21.2838],[107.5494,21.2807],[107.5521,21.2778],[107.5556,21.281]]],[[[107.6974,21.2951],[107.6998,21.2986],[107.6829,21.2941],[107.6781,21.29],[107.6731,21.2901],[107.669,21.283],[107.6739,21.2802],[107.6847,21.2845],[107.6879,21.29],[107.6913,21.2897],[107.6974,21.2951]]],[[[107.5784,21.284],[107.5816,21.2861],[107.5759,21.291],[107.573,21.2881],[107.5757,21.2838],[107.5784,21.284]]],[[[107.7913,20.9747],[107.7847,20.9766],[107.7843,20.9735],[107.7894,20.9721],[107.7913,20.9747]]],[[[107.7783,20.9733],[107.7784,20.9785],[107.7843,20.983],[107.7867,20.988],[107.7859,20.9907],[107.7809,20.9923],[107.7756,20.9972],[107.7629,21.0119],[107.757,21.0145],[107.7505,21.0194],[107.7482,21.0239],[107.7439,21.0221],[107.7369,21.0147],[107.7335,21.0071],[107.7309,21.0052],[107.7309,20.9998],[107.7372,20.9971],[107.7349,20.991],[107.7444,20.9886],[107.7537,20.9831],[107.7584,20.9782],[107.7615,20.973],[107.761,20.9678],[107.7481,20.9571],[107.7459,20.9518],[107.7388,20.9442],[107.7434,20.9428],[107.7481,20.9473],[107.75,20.9547],[107.7566,20.9563],[107.7597,20.9541],[107.7708,20.9649],[107.778,20.9675],[107.7807,20.9703],[107.7783,20.9733]]],[[[107.8612,21.0372],[107.8598,21.0435],[107.8547,21.0454],[107.8462,21.04],[107.8389,21.0445],[107.8351,21.0412],[107.8296,21.0303],[107.8232,21.0288],[107.8199,21.0205],[107.8139,21.0158],[107.8073,21.0033],[107.8094,21.0006],[107.805,20.9948],[107.8083,20.9845],[107.8041,20.9796],[107.8075,20.9763],[107.8111,20.9783],[107.8125,20.9824],[107.8198,20.9815],[107.8235,20.9835],[107.8204,20.9871],[107.823,20.9941],[107.828,20.9956],[107.8305,20.9998],[107.8361,21.0008],[107.8347,21.0049],[107.8385,21.0109],[107.8426,21.0113],[107.8443,21.0149],[107.8568,21.0245],[107.8622,21.0258],[107.8612,21.0372]]],[[[107.8202,21.0327],[107.8245,21.033],[107.8255,21.0368],[107.8194,21.0372],[107.8202,21.0327]]],[[[107.783,21.0384],[107.7783,21.0513],[107.7746,21.0486],[107.7697,21.0487],[107.7636,21.0432],[107.763,21.0347],[107.7645,21.0309],[107.7701,21.0311],[107.7776,21.0337],[107.783,21.0384]]],[[[107.8143,21.1081],[107.8212,21.1106],[107.8174,21.1164],[107.8117,21.1135],[107.8111,21.1081],[107.8143,21.1081]]],[[[107.8709,21.1414],[107.8704,21.146],[107.8646,21.1467],[107.8679,21.1396],[107.8709,21.1414]]],[[[107.8623,21.157],[107.861,21.1607],[107.8532,21.1564],[107.8557,21.1528],[107.8623,21.157]]],[[[108.0189,21.1886],[108.0191,21.1941],[108.0148,21.1945],[108.0105,21.1908],[108.0189,21.1886]]],[[[107.6852,21.2231],[107.6917,21.2265],[107.6952,21.2314],[107.6916,21.2329],[107.6896,21.2279],[107.6852,21.2231]]],[[[107.9804,21.2411],[107.9756,21.2452],[107.9755,21.2484],[107.9691,21.2487],[107.9655,21.2468],[107.9579,21.2454],[107.9484,21.2393],[107.9507,21.2332],[107.9558,21.2338],[107.9561,21.2302],[107.9636,21.2299],[107.9666,21.2311],[107.9753,21.2305],[107.9797,21.2338],[107.9804,21.2411]]],[[[107.7796,21.293],[107.7934,21.2938],[107.7897,21.2975],[107.7787,21.2949],[107.7736,21.296],[107.766,21.2958],[107.7514,21.2882],[107.7531,21.2825],[107.7594,21.2851],[107.7759,21.294],[107.7796,21.293]]],[[[107.8192,21.3541],[107.819,21.3572],[107.8073,21.3561],[107.8025,21.3525],[107.7946,21.3507],[107.7742,21.3377],[107.7683,21.3332],[107.7572,21.331],[107.7534,21.3279],[107.7465,21.3262],[107.7282,21.3147],[107.7117,21.3057],[107.7168,21.3033],[107.7228,21.3084],[107.7304,21.312],[107.7334,21.3091],[107.7324,21.3026],[107.7394,21.3062],[107.7452,21.306],[107.7493,21.3111],[107.7557,21.3136],[107.7587,21.3171],[107.7653,21.3186],[107.7695,21.3224],[107.7783,21.3227],[107.7822,21.3268],[107.7966,21.3321],[107.8012,21.3362],[107.8022,21.3397],[107.8066,21.3448],[107.8117,21.345],[107.8222,21.3535],[107.8192,21.3541]]],[[[107.7596,21.3651],[107.7611,21.3684],[107.7557,21.3727],[107.747,21.3709],[107.7428,21.3685],[107.7437,21.3637],[107.7498,21.3607],[107.7554,21.3611],[107.7596,21.3651]]],[[[107.9284,21.3612],[107.9296,21.3589],[107.9373,21.3562],[107.9433,21.3555],[107.9515,21.3589],[107.9574,21.3689],[107.9647,21.3759],[107.9719,21.3799],[107.9761,21.3803],[107.98,21.3847],[107.9865,21.3887],[107.9965,21.3889],[107.9995,21.3902],[107.9992,21.397],[107.9911,21.3977],[107.9727,21.3978],[107.9616,21.3966],[107.9511,21.3931],[107.9423,21.3924],[107.9174,21.3842],[107.9079,21.383],[107.9054,21.3812],[107.8932,21.3818],[107.8874,21.3836],[107.866,21.381],[107.8555,21.3782],[107.8543,21.3759],[107.8401,21.3725],[107.8391,21.37],[107.8312,21.3661],[107.8362,21.3638],[107.8423,21.3658],[107.8464,21.3702],[107.8524,21.3728],[107.8571,21.371],[107.857,21.3633],[107.8548,21.3605],[107.8573,21.3574],[107.8614,21.3593],[107.8642,21.3576],[107.8716,21.3596],[107.8772,21.358],[107.867,21.3531],[107.8631,21.3542],[107.8483,21.3473],[107.8456,21.3519],[107.8421,21.3444],[107.8471,21.3391],[107.8609,21.3482],[107.8784,21.3562],[107.8845,21.3579],[107.8981,21.3584],[107.9038,21.3601],[107.91,21.357],[107.9145,21.3597],[107.9231,21.3624],[107.9284,21.3612]]],[[[107.7669,21.3831],[107.7676,21.3882],[107.7625,21.3884],[107.7632,21.3829],[107.7669,21.3831]]],[[[107.8861,21.407],[107.8903,21.4132],[107.8859,21.4149],[107.8798,21.4136],[107.8687,21.4052],[107.8624,21.3952],[107.8739,21.3981],[107.8792,21.4018],[107.8861,21.4048],[107.8867,21.3996],[107.8939,21.3956],[107.9027,21.3953],[107.9087,21.3996],[107.906,21.4102],[107.8919,21.4117],[107.8861,21.407]]],[[[108.0456,21.512],[108.0363,21.5109],[108.0379,21.5047],[108.0402,21.5043],[108.0475,21.5089],[108.0456,21.512]]],[[[108.047,21.5397],[108.0376,21.5448],[108.0391,21.5393],[108.047,21.5397]]]]},"properties":{"Ma":"03","Cap":1,"STT":26,"TinhThanh":"Quảng Ninh","SapNhap":"Quảng Ninh","SoXa":54,"Loai":"Tỉnh","Dtich_km2":6154.8,"DanSo_ng":1497447,"MD_ngkm2":243.3,"label_lng":107.26053,"label_lat":21.26228}},{"type":"Feature","geometry":{"type":"Polygon","coordinates":[[[103.2172,20.8955],[103.2138,20.8905],[103.222,20.8875],[103.2262,20.8831],[103.2274,20.8795],[103.2352,20.8737],[103.235,20.8704],[103.229,20.8621],[103.229,20.8568],[103.2256,20.8513],[103.2276,20.8432],[103.231,20.8431],[103.2321,20.8378],[103.2375,20.8337],[103.2486,20.8325],[103.2582,20.8249],[103.2674,20.8234],[103.2708,20.8271],[103.2798,20.83],[103.2842,20.8335],[103.2872,20.8384],[103.2941,20.8361],[103.2987,20.829],[103.298,20.824],[103.304,20.8204],[103.3159,20.8213],[103.3284,20.8158],[103.333,20.8122],[103.3423,20.8097],[103.3493,20.8038],[103.355,20.8045],[103.3578,20.8068],[103.3653,20.8075],[103.3665,20.8035],[103.3709,20.8007],[103.3726,20.7973],[103.3803,20.7917],[103.3841,20.7869],[103.3891,20.7857],[103.3926,20.7873],[103.3999,20.784],[103.4063,20.7875],[103.4087,20.7939],[103.4138,20.7975],[103.4217,20.7954],[103.4301,20.796],[103.4332,20.7976],[103.438,20.7943],[103.4403,20.7967],[103.44,20.802],[103.4435,20.8109],[103.4469,20.8131],[103.451,20.8216],[103.4559,20.8219],[103.4639,20.8278],[103.472,20.8217],[103.4791,20.8135],[103.4848,20.8098],[103.4815,20.7977],[103.4826,20.7942],[103.488,20.7862],[103.4911,20.7854],[103.4958,20.778],[103.5018,20.7727],[103.5014,20.766],[103.5075,20.7554],[103.5202,20.7502],[103.5291,20.751],[103.5373,20.7546],[103.5382,20.7517],[103.5453,20.7495],[103.551,20.7454],[103.5583,20.7468],[103.5642,20.7502],[103.5748,20.7465],[103.5832,20.7499],[103.5938,20.7449],[103.5971,20.7461],[103.6042,20.7424],[103.6086,20.7359],[103.6095,20.7312],[103.6246,20.7256],[103.6322,20.7204],[103.6379,20.7203],[103.6396,20.7131],[103.6436,20.7101],[103.6478,20.7043],[103.6483,20.7008],[103.6569,20.6964],[103.6663,20.7008],[103.671,20.6863],[103.6741,20.6836],[103.6712,20.6781],[103.675,20.6724],[103.674,20.6692],[103.6818,20.6623],[103.6952,20.6623],[103.6969,20.6636],[103.7094,20.6663],[103.7149,20.6691],[103.7243,20.6657],[103.7283,20.6685],[103.7367,20.6697],[103.7362,20.6732],[103.7404,20.6745],[103.7456,20.6797],[103.7414,20.6899],[103.7342,20.6957],[103.7334,20.7017],[103.7369,20.7094],[103.7333,20.7161],[103.7288,20.7219],[103.7319,20.7248],[103.7303,20.7288],[103.7327,20.7337],[103.7381,20.7332],[103.7415,20.7348],[103.7567,20.7324],[103.7566,20.7347],[103.7645,20.7392],[103.7707,20.7349],[103.7744,20.739],[103.7835,20.7433],[103.7911,20.7502],[103.7845,20.7596],[103.7836,20.7693],[103.7868,20.7709],[103.7901,20.7807],[103.7868,20.7837],[103.7863,20.7878],[103.7801,20.7924],[103.7823,20.7953],[103.7796,20.8034],[103.7841,20.8093],[103.7937,20.8157],[103.7958,20.8192],[103.8047,20.8208],[103.8077,20.823],[103.8106,20.8306],[103.8061,20.8371],[103.8045,20.8459],[103.8002,20.8494],[103.8053,20.8542],[103.814,20.8552],[103.8126,20.8611],[103.8161,20.8653],[103.8272,20.8719],[103.8339,20.8727],[103.8409,20.866],[103.8452,20.8663],[103.8486,20.8621],[103.8588,20.8695],[103.859,20.8725],[103.864,20.8754],[103.8764,20.889],[103.8808,20.8905],[103.8852,20.8976],[103.8913,20.8984],[103.8965,20.9018],[103.8993,20.906],[103.9033,20.9045],[103.9134,20.9038],[103.919,20.9019],[103.9296,20.905],[103.9397,20.9031],[103.945,20.8956],[103.9549,20.8991],[103.959,20.8983],[103.9645,20.9041],[103.9706,20.9076],[103.9739,20.9144],[103.9772,20.9116],[103.9922,20.911],[103.9948,20.9065],[104.0006,20.9052],[104.0044,20.9067],[104.021,20.9066],[104.0292,20.9035],[104.032,20.9042],[104.0387,20.9099],[104.0432,20.9105],[104.0499,20.9159],[104.0504,20.9244],[104.048,20.9289],[104.0497,20.9328],[104.0541,20.9355],[104.0574,20.9427],[104.0519,20.9517],[104.0614,20.9553],[104.0657,20.9555],[104.0713,20.9613],[104.0763,20.9621],[104.0799,20.9604],[104.0826,20.9627],[104.0926,20.9663],[104.0947,20.9703],[104.103,20.9786],[104.1095,20.9769],[104.1138,20.9729],[104.1206,20.9722],[104.1257,20.9659],[104.1272,20.9575],[104.1313,20.9493],[104.1364,20.9487],[104.1443,20.9512],[104.147,20.9533],[104.1578,20.9566],[104.1688,20.9554],[104.1798,20.9556],[104.1875,20.9572],[104.1936,20.9481],[104.1972,20.9464],[104.2044,20.9475],[104.2078,20.9444],[104.2139,20.9435],[104.2143,20.9394],[104.2195,20.9403],[104.2293,20.9399],[104.2311,20.9358],[104.24,20.9348],[104.2432,20.9333],[104.2428,20.9284],[104.2386,20.914],[104.2397,20.9099],[104.2458,20.9076],[104.2476,20.9034],[104.2525,20.9006],[104.2582,20.8995],[104.2595,20.9041],[104.264,20.9097],[104.2605,20.9122],[104.2636,20.9188],[104.2721,20.9228],[104.2756,20.9219],[104.2808,20.928],[104.2845,20.9281],[104.292,20.9248],[104.2957,20.9189],[104.2933,20.9137],[104.2973,20.9095],[104.303,20.9104],[104.3039,20.9079],[104.3135,20.9044],[104.313,20.9016],[104.3192,20.8979],[104.3194,20.8946],[104.3282,20.8894],[104.333,20.8819],[104.3351,20.8713],[104.3268,20.8601],[104.3302,20.8562],[104.3371,20.8604],[104.3369,20.8563],[104.341,20.851],[104.3474,20.8511],[104.3485,20.8441],[104.3526,20.8434],[104.3536,20.8387],[104.3571,20.8396],[104.363,20.8353],[104.3681,20.8287],[104.3687,20.8254],[104.3736,20.8223],[104.3791,20.821],[104.3778,20.8267],[104.3798,20.8293],[104.3839,20.828],[104.3955,20.8214],[104.3993,20.8149],[104.4066,20.8102],[104.4122,20.8014],[104.4154,20.8004],[104.4194,20.7958],[104.4277,20.7951],[104.4308,20.7976],[104.4488,20.797],[104.4488,20.7903],[104.4504,20.7838],[104.4585,20.7782],[104.4619,20.7803],[104.4676,20.7801],[104.471,20.7737],[104.4738,20.7731],[104.4847,20.7669],[104.4828,20.7653],[104.4842,20.7539],[104.4889,20.746],[104.4875,20.7418],[104.4884,20.7284],[104.4915,20.7242],[104.4919,20.7206],[104.4963,20.7151],[104.5002,20.7132],[104.506,20.7152],[104.5058,20.7114],[104.5114,20.7098],[104.5188,20.7036],[104.5244,20.7017],[104.5285,20.7077],[104.5288,20.7124],[104.5334,20.7154],[104.5411,20.717],[104.5523,20.7221],[104.5614,20.7175],[104.5639,20.7181],[104.5669,20.7136],[104.5805,20.7044],[104.5857,20.6951],[104.5851,20.6873],[104.5832,20.683],[104.5898,20.6802],[104.5921,20.6756],[104.5979,20.6759],[104.6045,20.6729],[104.6112,20.6744],[104.6231,20.6733],[104.6311,20.6742],[104.6359,20.6729],[104.6397,20.6635],[104.6386,20.6549],[104.6456,20.6478],[104.6489,20.6418],[104.656,20.6375],[104.6622,20.6285],[104.6624,20.6246],[104.6682,20.6247],[104.6775,20.6191],[104.6852,20.611],[104.6862,20.6009],[104.685,20.5967],[104.6944,20.5989],[104.6958,20.6049],[104.6991,20.6036],[104.7082,20.6038],[104.7159,20.6062],[104.7231,20.604],[104.7225,20.5976],[104.7276,20.589],[104.7369,20.5802],[104.7409,20.5751],[104.7537,20.578],[104.7609,20.585],[104.7648,20.5842],[104.7675,20.5782],[104.7705,20.5755],[104.7801,20.5763],[104.7788,20.5801],[104.7817,20.5839],[104.7957,20.5827],[104.8007,20.5849],[104.801,20.5927],[104.7985,20.5994],[104.8003,20.6049],[104.7967,20.6118],[104.7974,20.6193],[104.8001,20.6187],[104.807,20.6252],[104.8071,20.6309],[104.8127,20.6299],[104.82,20.6394],[104.8267,20.641],[104.8293,20.6434],[104.8349,20.6448],[104.8395,20.6491],[104.8466,20.6521],[104.8372,20.6606],[104.8411,20.6785],[104.8416,20.6858],[104.8404,20.691],[104.8369,20.6953],[104.8387,20.6992],[104.8424,20.6989],[104.8494,20.7029],[104.8448,20.7089],[104.841,20.7109],[104.8392,20.7209],[104.8448,20.7312],[104.8364,20.7343],[104.8383,20.748],[104.8479,20.7541],[104.859,20.7542],[104.8687,20.7638],[104.8751,20.7676],[104.8826,20.7675],[104.886,20.7636],[104.8908,20.7614],[104.8949,20.7632],[104.8972,20.7577],[104.9065,20.7533],[104.9122,20.7544],[104.9174,20.7515],[104.9246,20.7429],[104.9377,20.7451],[104.9464,20.7362],[104.9498,20.7415],[104.9569,20.7368],[104.9688,20.7329],[104.9727,20.7283],[104.9856,20.7225],[104.9895,20.7241],[104.9985,20.7235],[105.0134,20.7252],[105.0183,20.7276],[105.0132,20.7329],[105.014,20.7361],[105.0108,20.7429],[105.0058,20.745],[104.9991,20.7504],[104.9931,20.7507],[104.9912,20.7536],[104.9925,20.7604],[104.9967,20.7628],[105.0057,20.7823],[105.0061,20.7891],[105.0124,20.7852],[105.015,20.7914],[105.0216,20.7993],[105.0253,20.8023],[105.0088,20.8083],[104.9979,20.8178],[105.0022,20.8241],[105.0022,20.8317],[105.0067,20.8429],[105.0058,20.8453],[104.9976,20.8467],[105.0011,20.8545],[105.0004,20.8581],[104.9904,20.8708],[104.9909,20.8773],[104.9873,20.8828],[104.9806,20.8895],[104.9778,20.8966],[104.9769,20.9064],[104.9737,20.9106],[104.9634,20.913],[104.9494,20.9276],[104.9405,20.9314],[104.9384,20.9338],[104.9361,20.9414],[104.9293,20.9513],[104.9231,20.9636],[104.9199,20.9669],[104.903,20.9782],[104.8961,20.9889],[104.8933,20.9963],[104.8903,21.0096],[104.8842,21.0156],[104.88,21.0236],[104.8686,21.0296],[104.8662,21.0332],[104.8662,21.0386],[104.8616,21.0499],[104.8592,21.052],[104.8596,21.0571],[104.8572,21.0639],[104.8542,21.0684],[104.853,21.0765],[104.8573,21.079],[104.8679,21.0759],[104.8729,21.085],[104.8714,21.0925],[104.8767,21.0987],[104.8942,21.1075],[104.898,21.1076],[104.9064,21.1126],[104.9132,21.1125],[104.9123,21.1181],[104.9058,21.1194],[104.8989,21.1241],[104.8973,21.1299],[104.8813,21.1342],[104.8757,21.139],[104.8717,21.1403],[104.8713,21.1444],[104.8635,21.1468],[104.8614,21.1454],[104.8527,21.1529],[104.8529,21.1569],[104.856,21.1661],[104.8582,21.1686],[104.8588,21.176],[104.851,21.1798],[104.858,21.1887],[104.8635,21.2051],[104.8643,21.2103],[104.8612,21.2113],[104.8593,21.2173],[104.853,21.2235],[104.8441,21.2263],[104.8489,21.2305],[104.8526,21.2378],[104.8489,21.2497],[104.8502,21.2556],[104.842,21.2621],[104.8403,21.2649],[104.8431,21.2734],[104.8415,21.2819],[104.8417,21.2922],[104.8432,21.3012],[104.8429,21.3106],[104.8354,21.3142],[104.829,21.315],[104.8184,21.3224],[104.815,21.3267],[104.8136,21.3335],[104.8071,21.3334],[104.8042,21.331],[104.8,21.3316],[104.7946,21.3352],[104.7908,21.3334],[104.7878,21.3296],[104.7791,21.326],[104.7696,21.3294],[104.7679,21.3317],[104.7682,21.3468],[104.761,21.3462],[104.7572,21.3479],[104.7572,21.3529],[104.7488,21.3525],[104.7469,21.3596],[104.7491,21.3633],[104.748,21.3678],[104.7439,21.3684],[104.7397,21.3756],[104.7345,21.3815],[104.7326,21.3908],[104.7354,21.4031],[104.7292,21.4043],[104.7244,21.4006],[104.7104,21.3997],[104.707,21.4041],[104.7031,21.4059],[104.6966,21.3999],[104.6901,21.4008],[104.6878,21.3943],[104.689,21.385],[104.6856,21.3771],[104.6783,21.3754],[104.6711,21.376],[104.6674,21.3787],[104.66,21.3807],[104.6523,21.3848],[104.6472,21.383],[104.6437,21.384],[104.6403,21.388],[104.636,21.3889],[104.6298,21.3949],[104.6252,21.3955],[104.6204,21.4015],[104.6163,21.4016],[104.6123,21.4048],[104.6067,21.4159],[104.589,21.4226],[104.5838,21.4203],[104.5818,21.417],[104.5812,21.4109],[104.5786,21.4088],[104.5702,21.4129],[104.565,21.4101],[104.5583,21.4092],[104.5502,21.4096],[104.541,21.4139],[104.5325,21.4144],[104.5289,21.413],[104.5209,21.4042],[104.5193,21.3989],[104.5151,21.3955],[104.5139,21.3882],[104.5098,21.385],[104.5039,21.3763],[104.4953,21.3735],[104.4851,21.3657],[104.4817,21.3569],[104.4736,21.3517],[104.4665,21.3516],[104.4559,21.3536],[104.444,21.3576],[104.4362,21.3545],[104.4298,21.3545],[104.4208,21.36],[104.4199,21.3626],[104.4207,21.3749],[104.4176,21.3808],[104.4123,21.3866],[104.397,21.3924],[104.394,21.3976],[104.3891,21.401],[104.3824,21.4025],[104.3699,21.3986],[104.3626,21.4023],[104.3557,21.4101],[104.3538,21.415],[104.3478,21.4183],[104.3427,21.4164],[104.3428,21.4116],[104.339,21.4085],[104.332,21.4081],[104.3282,21.4113],[104.3227,21.4187],[104.3197,21.4281],[104.3147,21.4309],[104.3036,21.4338],[104.3019,21.4378],[104.2986,21.439],[104.3,21.4489],[104.3021,21.4525],[104.3004,21.4576],[104.2941,21.4584],[104.287,21.4637],[104.282,21.4721],[104.2839,21.4769],[104.283,21.4848],[104.2855,21.4875],[104.2852,21.4944],[104.2922,21.5019],[104.293,21.5081],[104.2951,21.5104],[104.2931,21.5177],[104.2934,21.5247],[104.2884,21.5327],[104.2825,21.5372],[104.279,21.5489],[104.277,21.5512],[104.2872,21.5642],[104.2887,21.5689],[104.2978,21.5713],[104.2954,21.5792],[104.2961,21.5812],[104.2915,21.5956],[104.288,21.5985],[104.2906,21.6028],[104.3,21.6047],[104.3062,21.6087],[104.3099,21.6145],[104.3195,21.6202],[104.3225,21.6274],[104.3281,21.631],[104.3305,21.6379],[104.3368,21.6386],[104.3404,21.6445],[104.3389,21.6531],[104.3326,21.655],[104.3244,21.6541],[104.316,21.6567],[104.3017,21.6523],[104.2968,21.653],[104.289,21.6611],[104.277,21.6628],[104.2708,21.6652],[104.2627,21.6635],[104.2556,21.6664],[104.2542,21.671],[104.2449,21.6719],[104.2407,21.6705],[104.232,21.6731],[104.2277,21.6715],[104.2205,21.6724],[104.2119,21.6713],[104.2109,21.664],[104.2058,21.6593],[104.1965,21.648],[104.182,21.6478],[104.1742,21.6487],[104.16,21.6557],[104.1481,21.6543],[104.1397,21.6544],[104.1235,21.6514],[104.1182,21.6473],[104.1124,21.6474],[104.1076,21.6454],[104.0998,21.6469],[104.0922,21.6426],[104.0877,21.6429],[104.0802,21.6495],[104.0488,21.6576],[104.0448,21.6622],[104.0356,21.6667],[104.0328,21.6701],[104.0266,21.6723],[104.0216,21.6687],[104.0147,21.6689],[104.0063,21.6663],[104.0057,21.6725],[103.9955,21.6757],[103.9871,21.6746],[103.982,21.6777],[103.9773,21.6735],[103.9701,21.6642],[103.9672,21.6676],[103.9613,21.6696],[103.9463,21.6692],[103.9373,21.6698],[103.9362,21.6773],[103.9381,21.6906],[103.9313,21.6956],[103.9221,21.7006],[103.9179,21.6968],[103.9052,21.6948],[103.903,21.6974],[103.8917,21.7005],[103.8849,21.7051],[103.8824,21.7088],[103.8813,21.688],[103.8783,21.6859],[103.8722,21.6859],[103.8695,21.6886],[103.8653,21.6885],[103.8611,21.6929],[103.8534,21.6894],[103.8493,21.7009],[103.842,21.7013],[103.8378,21.7062],[103.8381,21.7164],[103.8353,21.7195],[103.8343,21.7358],[103.8368,21.7383],[103.8332,21.7438],[103.8295,21.7369],[103.826,21.7351],[103.8217,21.7361],[103.8147,21.7401],[103.8074,21.737],[103.8009,21.7492],[103.7957,21.7523],[103.7909,21.7591],[103.7902,21.7629],[103.7831,21.7633],[103.7826,21.77],[103.7792,21.773],[103.7792,21.7782],[103.7738,21.7793],[103.7689,21.7781],[103.7625,21.7806],[103.7582,21.7775],[103.7542,21.7803],[103.7536,21.7888],[103.7561,21.7969],[103.7587,21.8012],[103.7597,21.8082],[103.7551,21.8103],[103.7444,21.808],[103.7417,21.8101],[103.7323,21.8094],[103.7283,21.8058],[103.7239,21.8066],[103.7216,21.8106],[103.7156,21.8127],[103.7134,21.8193],[103.711,21.8219],[103.7029,21.8231],[103.6965,21.8255],[103.6942,21.8315],[103.6964,21.8378],[103.7062,21.8434],[103.7084,21.8538],[103.7126,21.8602],[103.7158,21.8616],[103.7212,21.8707],[103.7219,21.8797],[103.715,21.8814],[103.7147,21.8856],[103.7051,21.8843],[103.705,21.8985],[103.7064,21.9011],[103.7012,21.9099],[103.6967,21.9127],[103.6911,21.9137],[103.6879,21.9188],[103.6833,21.9213],[103.69,21.9325],[103.6887,21.9407],[103.6862,21.943],[103.6726,21.9466],[103.6664,21.9499],[103.6643,21.9569],[103.6594,21.9663],[103.6616,21.9715],[103.6578,21.9817],[103.6519,21.9859],[103.652,21.9923],[103.6454,21.9944],[103.6341,21.9898],[103.6259,21.9952],[103.6215,21.9964],[103.6133,22.0016],[103.6076,22.012],[103.5961,22.0124],[103.5841,22.0166],[103.5812,22.019],[103.5729,22.0188],[103.5614,22.0244],[103.5546,22.0236],[103.546,22.0304],[103.5354,22.0276],[103.5285,22.0243],[103.525,22.0248],[103.5216,22.0214],[103.5168,22.0138],[103.5106,22.0103],[103.5141,22.0027],[103.5113,21.9977],[103.5134,21.9924],[103.5085,21.9834],[103.5028,21.9812],[103.4993,21.9778],[103.4968,21.9698],[103.5025,21.9659],[103.5033,21.9593],[103.5055,21.9552],[103.4997,21.9513],[103.4984,21.9446],[103.4944,21.9438],[103.4845,21.9383],[103.4849,21.9341],[103.4824,21.9231],[103.4843,21.9211],[103.4803,21.9164],[103.4795,21.9087],[103.4867,21.9034],[103.4828,21.895],[103.4895,21.8889],[103.4879,21.8842],[103.4923,21.8806],[103.4948,21.8752],[103.5013,21.873],[103.5068,21.8728],[103.5113,21.8675],[103.5174,21.8656],[103.5223,21.8615],[103.5229,21.8546],[103.53,21.8421],[103.5295,21.8332],[103.5357,21.8315],[103.5399,21.8279],[103.5419,21.8205],[103.5364,21.8143],[103.5396,21.8121],[103.5433,21.8043],[103.5477,21.7988],[103.5441,21.7907],[103.5411,21.7774],[103.5456,21.7718],[103.5511,21.769],[103.5598,21.76],[103.5614,21.7493],[103.5726,21.7396],[103.571,21.7359],[103.5742,21.7332],[103.578,21.7205],[103.5826,21.7141],[103.5858,21.707],[103.5838,21.7053],[103.5863,21.7001],[103.5935,21.693],[103.5951,21.6868],[103.5987,21.683],[103.5937,21.6747],[103.5841,21.6852],[103.5765,21.6833],[103.5679,21.6778],[103.567,21.6721],[103.5605,21.6676],[103.5574,21.66],[103.5571,21.656],[103.5537,21.6532],[103.5478,21.6513],[103.5416,21.6456],[103.545,21.6399],[103.551,21.6382],[103.5508,21.6326],[103.5599,21.6266],[103.5579,21.6229],[103.554,21.6208],[103.5555,21.6174],[103.554,21.6133],[103.5496,21.6095],[103.5479,21.6023],[103.5427,21.6025],[103.5382,21.5977],[103.5378,21.5901],[103.5346,21.5909],[103.5305,21.5867],[103.5303,21.5813],[103.5329,21.58],[103.5319,21.573],[103.5341,21.5686],[103.524,21.5652],[103.5192,21.565],[103.5192,21.5573],[103.5226,21.548],[103.5225,21.543],[103.5195,21.5398],[103.5171,21.5328],[103.5108,21.534],[103.5031,21.5337],[103.4891,21.5271],[103.4849,21.5207],[103.4742,21.5205],[103.4706,21.5168],[103.4636,21.5197],[103.4595,21.5179],[103.4619,21.5122],[103.4573,21.5091],[103.4517,21.5018],[103.4511,21.4917],[103.4478,21.4856],[103.4542,21.4802],[103.4536,21.471],[103.4568,21.4576],[103.4464,21.4431],[103.4494,21.4383],[103.4427,21.4322],[103.433,21.432],[103.4299,21.4304],[103.4202,21.4298],[103.4181,21.4267],[103.401,21.4316],[103.3977,21.4351],[103.3919,21.4368],[103.388,21.4342],[103.3828,21.4341],[103.3749,21.4278],[103.3662,21.4291],[103.3596,21.4277],[103.354,21.4247],[103.3491,21.4284],[103.3444,21.4294],[103.3417,21.4275],[103.3382,21.4184],[103.3312,21.4129],[103.3369,21.4107],[103.3402,21.3999],[103.3437,21.3991],[103.3546,21.3919],[103.3586,21.3883],[103.3626,21.3718],[103.373,21.372],[103.3783,21.3693],[103.3844,21.3693],[103.3884,21.3676],[103.3882,21.3612],[103.3839,21.357],[103.3802,21.3491],[103.3753,21.3455],[103.3716,21.3407],[103.3697,21.3315],[103.3744,21.3291],[103.3798,21.329],[103.3884,21.3239],[103.3933,21.3192],[103.399,21.3169],[103.4142,21.3196],[103.4243,21.3157],[103.4327,21.3107],[103.4328,21.3045],[103.4399,21.2869],[103.4413,21.2819],[103.4395,21.2705],[103.4393,21.2637],[103.4343,21.259],[103.4308,21.2519],[103.4332,21.2448],[103.4366,21.2413],[103.4337,21.2373],[103.4342,21.2332],[103.4316,21.2242],[103.4349,21.2198],[103.4329,21.2136],[103.4329,21.2066],[103.436,21.2021],[103.4379,21.1907],[103.4352,21.184],[103.4338,21.1691],[103.4281,21.163],[103.4146,21.1687],[103.4081,21.1614],[103.4059,21.1565],[103.3964,21.1511],[103.3955,21.1449],[103.4006,21.1299],[103.4017,21.1213],[103.4007,21.116],[103.4024,21.1119],[103.4023,21.1046],[103.406,21.1002],[103.4058,21.0956],[103.4087,21.0874],[103.4146,21.0823],[103.4186,21.0752],[103.4243,21.0713],[103.4221,21.0649],[103.4109,21.0632],[103.4042,21.0603],[103.3999,21.0606],[103.3936,21.0633],[103.3875,21.0635],[103.3825,21.062],[103.371,21.0627],[103.3666,21.0702],[103.3586,21.072],[103.3537,21.0777],[103.3346,21.0914],[103.3248,21.0924],[103.3174,21.0958],[103.3128,21.0927],[103.3093,21.0962],[103.3006,21.0958],[103.2941,21.0985],[103.2865,21.0933],[103.2928,21.084],[103.2878,21.078],[103.2934,21.0753],[103.3,21.0671],[103.3018,21.0629],[103.2985,21.0596],[103.2941,21.062],[103.2884,21.0618],[103.2818,21.066],[103.2807,21.0605],[103.2749,21.0567],[103.274,21.0522],[103.2775,21.051],[103.2759,21.0445],[103.281,21.0424],[103.2814,21.0384],[103.2861,21.0353],[103.2849,21.0304],[103.292,21.017],[103.2873,21.0145],[103.285,21.007],[103.2797,21.0038],[103.281,20.9991],[103.2898,20.9948],[103.2899,20.989],[103.2941,20.9764],[103.2988,20.9714],[103.3002,20.9643],[103.2978,20.9558],[103.3,20.9514],[103.2999,20.9458],[103.2934,20.9453],[103.2894,20.9476],[103.2795,20.9409],[103.2773,20.9379],[103.2793,20.9241],[103.2784,20.9204],[103.2897,20.908],[103.2881,20.9049],[103.2811,20.9008],[103.2818,20.8962],[103.2769,20.8973],[103.2733,20.9024],[103.2671,20.9017],[103.2592,20.8965],[103.2559,20.8974],[103.2492,20.8949],[103.2457,20.892],[103.2409,20.8945],[103.2333,20.894],[103.2321,20.8956],[103.2172,20.8955]]]},"properties":{"Ma":"15","Cap":1,"STT":28,"TinhThanh":"Sơn La","SapNhap":"Sơn La","SoXa":75,"Loai":"Tỉnh","Dtich_km2":14108.8,"DanSo_ng":1404587,"MD_ngkm2":99.6,"label_lng":104.07063,"label_lat":21.19382}},{"type":"Feature","geometry":{"type":"Polygon","coordinates":[[[105.5425,21.5738],[105.5557,21.5709],[105.5607,21.5639],[105.5629,21.5584],[105.5699,21.5521],[105.5778,21.5437],[105.5831,21.54],[105.5839,21.5349],[105.5994,21.5323],[105.6043,21.5283],[105.6072,21.5235],[105.6073,21.5164],[105.6115,21.5125],[105.6117,21.5057],[105.6256,21.4965],[105.6353,21.4928],[105.6329,21.4884],[105.6313,21.4791],[105.6344,21.4761],[105.644,21.47],[105.6463,21.4648],[105.6526,21.4573],[105.6667,21.4599],[105.6695,21.4578],[105.6749,21.4581],[105.6782,21.4558],[105.6874,21.4428],[105.6975,21.439],[105.7045,21.4407],[105.7071,21.4359],[105.7123,21.4307],[105.7152,21.4299],[105.7213,21.4325],[105.7246,21.4321],[105.7241,21.4216],[105.7209,21.4159],[105.7296,21.4089],[105.7342,21.4102],[105.7403,21.415],[105.7473,21.4158],[105.7556,21.4104],[105.7637,21.3982],[105.7657,21.3887],[105.7624,21.3857],[105.7598,21.3781],[105.7684,21.3747],[105.77,21.3705],[105.7747,21.3676],[105.7752,21.3607],[105.7846,21.3596],[105.7865,21.3641],[105.7877,21.3749],[105.7905,21.3781],[105.7986,21.3817],[105.8005,21.3847],[105.8136,21.3812],[105.8165,21.3828],[105.8214,21.3781],[105.8307,21.3752],[105.832,21.3733],[105.8397,21.3774],[105.8472,21.3774],[105.8494,21.3743],[105.8558,21.3765],[105.8589,21.3737],[105.8527,21.3616],[105.8518,21.3553],[105.8545,21.352],[105.8533,21.3482],[105.8588,21.338],[105.862,21.3384],[105.8658,21.3334],[105.8672,21.3278],[105.8717,21.3297],[105.8767,21.3276],[105.8838,21.3275],[105.8886,21.3254],[105.8928,21.3265],[105.8879,21.3281],[105.8854,21.3328],[105.8812,21.3358],[105.8813,21.3388],[105.8865,21.346],[105.8969,21.3431],[105.9044,21.3454],[105.9085,21.3517],[105.904,21.3522],[105.8994,21.3497],[105.8956,21.3511],[105.9004,21.356],[105.9046,21.3633],[105.909,21.3742],[105.9128,21.376],[105.9166,21.3727],[105.9231,21.3749],[105.9364,21.3714],[105.9398,21.3722],[105.9435,21.3775],[105.9449,21.392],[105.9401,21.3965],[105.9442,21.4],[105.9565,21.4074],[105.9545,21.4136],[105.9584,21.4216],[105.9576,21.4322],[105.9627,21.4369],[105.9678,21.4311],[105.9721,21.42],[105.9753,21.4195],[105.9792,21.4136],[105.9867,21.4141],[105.9907,21.4102],[105.9963,21.4081],[105.9998,21.4044],[106.0026,21.4065],[106.0082,21.4061],[106.0131,21.4028],[106.0189,21.4011],[106.0201,21.3955],[106.0285,21.3941],[106.0274,21.3994],[106.0312,21.4069],[106.0344,21.4083],[106.0321,21.4136],[106.033,21.4188],[106.031,21.4253],[106.0267,21.4289],[106.0267,21.4336],[106.032,21.438],[106.0381,21.4382],[106.0459,21.4418],[106.0472,21.4476],[106.0505,21.4548],[106.0512,21.4604],[106.0459,21.4648],[106.0437,21.4638],[106.0406,21.4704],[106.0409,21.4732],[106.0455,21.4751],[106.0479,21.4817],[106.0413,21.4863],[106.0378,21.4902],[106.043,21.4987],[106.0454,21.5088],[106.0442,21.5218],[106.0476,21.5309],[106.0509,21.5335],[106.0537,21.5387],[106.0505,21.5457],[106.0552,21.5481],[106.0505,21.5523],[106.0479,21.5588],[106.036,21.5613],[106.0321,21.5662],[106.0349,21.5718],[106.0416,21.5755],[106.0486,21.5811],[106.0513,21.5877],[106.0516,21.5923],[106.0594,21.6043],[106.0673,21.6046],[106.0715,21.6105],[106.076,21.6126],[106.0779,21.6173],[106.094,21.6247],[106.0999,21.6248],[106.1016,21.622],[106.1072,21.6223],[106.1169,21.617],[106.127,21.6161],[106.1356,21.6179],[106.1421,21.623],[106.1455,21.6223],[106.1545,21.6239],[106.1587,21.6261],[106.1624,21.6248],[106.1696,21.6165],[106.1733,21.6102],[106.1852,21.6043],[106.1891,21.6103],[106.197,21.6185],[106.1954,21.6286],[106.1985,21.6326],[106.1924,21.6373],[106.191,21.6451],[106.193,21.6482],[106.2022,21.6533],[106.2066,21.6595],[106.2058,21.6635],[106.2194,21.6737],[106.2255,21.679],[106.2266,21.6816],[106.2244,21.6921],[106.2328,21.6989],[106.234,21.7085],[106.2375,21.7147],[106.2377,21.7198],[106.2353,21.727],[106.2308,21.7278],[106.2294,21.7307],[106.2246,21.7331],[106.2175,21.7268],[106.2111,21.7287],[106.2087,21.7323],[106.1967,21.7354],[106.1942,21.7416],[106.1865,21.7407],[106.1782,21.7437],[106.1736,21.7492],[106.1684,21.7502],[106.1684,21.7542],[106.1596,21.756],[106.1553,21.7608],[106.1497,21.761],[106.1481,21.7676],[106.1397,21.7773],[106.1354,21.7853],[106.1277,21.7831],[106.1222,21.7834],[106.1135,21.7815],[106.1114,21.7863],[106.1064,21.7903],[106.1063,21.7988],[106.1077,21.8034],[106.0989,21.8127],[106.0954,21.8186],[106.0954,21.8214],[106.0997,21.8242],[106.1003,21.8285],[106.1079,21.8323],[106.1071,21.8413],[106.1152,21.8409],[106.117,21.8454],[106.1114,21.8504],[106.1129,21.8545],[106.1106,21.8607],[106.1115,21.8653],[106.1153,21.8706],[106.1153,21.8756],[106.1173,21.8799],[106.1143,21.8841],[106.1134,21.8907],[106.1158,21.8951],[106.1274,21.8993],[106.1295,21.903],[106.1271,21.9101],[106.1319,21.917],[106.1313,21.9215],[106.1283,21.9248],[106.1219,21.9242],[106.1178,21.9284],[106.1134,21.9291],[106.1117,21.9333],[106.1069,21.9329],[106.1027,21.9405],[106.1118,21.9493],[106.1088,21.9523],[106.0978,21.9542],[106.0992,21.9596],[106.1063,21.9627],[106.1116,21.962],[106.114,21.9675],[106.1132,21.9732],[106.1154,21.9785],[106.1131,21.9831],[106.1141,21.9939],[106.11,21.9968],[106.1095,22.0053],[106.1113,22.0135],[106.1085,22.0212],[106.1026,22.027],[106.0967,22.0302],[106.0956,22.0366],[106.1011,22.0405],[106.1028,22.0454],[106.0993,22.0552],[106.101,22.0601],[106.0988,22.068],[106.1007,22.072],[106.1055,22.0727],[106.1079,22.0762],[106.1142,22.0726],[106.1173,22.0762],[106.1187,22.0823],[106.1234,22.0854],[106.1395,22.0858],[106.1416,22.0822],[106.1572,22.0817],[106.1613,22.092],[106.1609,22.0964],[106.1624,22.1021],[106.1685,22.1064],[106.1687,22.1104],[106.1772,22.113],[106.1852,22.1173],[106.1847,22.1254],[106.181,22.1285],[106.1877,22.1338],[106.189,22.1397],[106.1929,22.1439],[106.1965,22.1428],[106.2014,22.1496],[106.2137,22.1597],[106.2177,22.1669],[106.2229,22.1676],[106.2316,22.1744],[106.2337,22.1823],[106.2288,22.1852],[106.225,22.1899],[106.2211,22.1976],[106.2231,22.2004],[106.2214,22.2073],[106.2295,22.2163],[106.2321,22.2206],[106.2371,22.2212],[106.2428,22.2379],[106.2421,22.2465],[106.2456,22.2526],[106.2469,22.2578],[106.2449,22.2606],[106.2445,22.2685],[106.2351,22.2789],[106.2287,22.2821],[106.2242,22.2826],[106.2231,22.2885],[106.22,22.2903],[106.2154,22.288],[106.2121,22.2901],[106.1996,22.3136],[106.202,22.317],[106.2012,22.3227],[106.2048,22.3279],[106.2055,22.3318],[106.2089,22.3375],[106.2154,22.3449],[106.2193,22.3471],[106.22,22.3504],[106.2166,22.3584],[106.2106,22.362],[106.2091,22.3677],[106.2013,22.3737],[106.1916,22.376],[106.1873,22.3799],[106.1881,22.3838],[106.1847,22.3869],[106.1836,22.3903],[106.179,22.3908],[106.1767,22.3972],[106.172,22.4039],[106.1689,22.403],[106.1681,22.4089],[106.1567,22.4099],[106.1513,22.404],[106.1399,22.3945],[106.1345,22.3955],[106.1329,22.3985],[106.1281,22.4002],[106.1224,22.3994],[106.1222,22.4025],[106.1154,22.4016],[106.1114,22.3989],[106.1048,22.4015],[106.1053,22.4096],[106.0991,22.4144],[106.1012,22.4172],[106.1017,22.4252],[106.0998,22.4299],[106.1016,22.4356],[106.0943,22.4417],[106.0963,22.446],[106.1029,22.451],[106.1097,22.4631],[106.1196,22.4718],[106.1147,22.4832],[106.1164,22.4884],[106.1167,22.4955],[106.1186,22.499],[106.1178,22.5056],[106.1193,22.5106],[106.116,22.5125],[106.102,22.5164],[106.1021,22.5213],[106.0952,22.5272],[106.0957,22.5308],[106.093,22.5356],[106.0927,22.5413],[106.0952,22.547],[106.0911,22.5482],[106.0864,22.5531],[106.0808,22.5517],[106.0733,22.5549],[106.0749,22.5617],[106.0818,22.5665],[106.0825,22.5728],[106.0713,22.5729],[106.0674,22.5695],[106.059,22.571],[106.0476,22.578],[106.0423,22.5658],[106.0375,22.5622],[106.0263,22.5581],[106.0218,22.5607],[106.0128,22.5566],[106.0059,22.5549],[106.0032,22.5487],[105.9936,22.5454],[105.9915,22.5432],[105.9864,22.5441],[105.9838,22.5401],[105.9692,22.5355],[105.9658,22.5286],[105.9609,22.5281],[105.9573,22.5239],[105.9526,22.523],[105.9468,22.5287],[105.9432,22.5278],[105.9325,22.5281],[105.9241,22.5215],[105.9235,22.5152],[105.9203,22.5087],[105.9113,22.4964],[105.9039,22.4953],[105.898,22.5049],[105.8995,22.507],[105.8832,22.5134],[105.8765,22.5144],[105.8669,22.52],[105.8569,22.5215],[105.8504,22.5201],[105.8413,22.515],[105.8336,22.516],[105.8324,22.5179],[105.8333,22.5259],[105.8303,22.5258],[105.8235,22.5211],[105.8145,22.5214],[105.8043,22.5238],[105.8018,22.5258],[105.798,22.5334],[105.7947,22.535],[105.7933,22.5415],[105.7875,22.5503],[105.7815,22.5488],[105.7757,22.5503],[105.7727,22.562],[105.7762,22.5698],[105.7776,22.5772],[105.7733,22.5804],[105.7661,22.5889],[105.7606,22.5859],[105.7533,22.5867],[105.7468,22.596],[105.7477,22.5999],[105.7529,22.6034],[105.7533,22.6088],[105.7449,22.6191],[105.741,22.621],[105.7396,22.6279],[105.7294,22.6338],[105.727,22.6368],[105.7313,22.6412],[105.7377,22.6417],[105.7404,22.6435],[105.7405,22.6496],[105.7482,22.6585],[105.7493,22.663],[105.7548,22.6687],[105.768,22.6789],[105.773,22.684],[105.7769,22.692],[105.7684,22.694],[105.7608,22.6972],[105.7562,22.7021],[105.752,22.7129],[105.7594,22.7208],[105.7585,22.7253],[105.7549,22.7282],[105.7519,22.7267],[105.747,22.7303],[105.7436,22.738],[105.7391,22.7415],[105.7286,22.7396],[105.7248,22.7363],[105.7215,22.7308],[105.7109,22.7328],[105.7096,22.728],[105.7057,22.726],[105.7,22.7196],[105.6975,22.7277],[105.6939,22.7272],[105.6917,22.7184],[105.6865,22.7178],[105.6727,22.7252],[105.6692,22.7229],[105.6632,22.7227],[105.6601,22.7172],[105.656,22.7151],[105.6521,22.7092],[105.6485,22.6985],[105.6417,22.6998],[105.6285,22.6984],[105.6231,22.7005],[105.6206,22.6974],[105.613,22.6954],[105.609,22.6905],[105.6007,22.6869],[105.5997,22.678],[105.6028,22.6673],[105.5885,22.6668],[105.5819,22.6692],[105.5758,22.664],[105.5732,22.6658],[105.5642,22.6657],[105.5613,22.6579],[105.55,22.6574],[105.5435,22.653],[105.5409,22.6489],[105.5414,22.6387],[105.5374,22.6334],[105.5316,22.6332],[105.5297,22.6281],[105.5299,22.621],[105.5331,22.6155],[105.5382,22.6111],[105.5403,22.607],[105.549,22.5993],[105.5464,22.5896],[105.5518,22.576],[105.5578,22.5738],[105.5635,22.5651],[105.5633,22.5602],[105.5713,22.5621],[105.578,22.5591],[105.5828,22.5534],[105.5854,22.5524],[105.5912,22.5435],[105.5918,22.538],[105.5944,22.5342],[105.5952,22.5257],[105.5985,22.5227],[105.5977,22.5173],[105.5945,22.5151],[105.5917,22.5081],[105.5962,22.5033],[105.5939,22.5002],[105.5945,22.493],[105.5983,22.489],[105.5893,22.4849],[105.5833,22.4795],[105.5803,22.4789],[105.5685,22.4701],[105.5637,22.4634],[105.56,22.463],[105.558,22.4539],[105.5593,22.4504],[105.5562,22.4472],[105.5549,22.4383],[105.549,22.4378],[105.5522,22.4313],[105.555,22.4287],[105.5508,22.4221],[105.551,22.4164],[105.5532,22.4119],[105.5584,22.4101],[105.566,22.412],[105.5643,22.4066],[105.5609,22.4029],[105.5566,22.4021],[105.5499,22.4045],[105.5431,22.4053],[105.536,22.4077],[105.5318,22.4043],[105.5224,22.4039],[105.5183,22.3997],[105.5197,22.3961],[105.5193,22.3872],[105.5164,22.385],[105.5137,22.3768],[105.5141,22.3711],[105.5169,22.3679],[105.5157,22.3595],[105.5132,22.3565],[105.5137,22.3479],[105.5105,22.3459],[105.5052,22.3462],[105.496,22.3408],[105.4982,22.3332],[105.4967,22.3225],[105.4922,22.3182],[105.487,22.3191],[105.4814,22.3154],[105.4787,22.3076],[105.4796,22.3041],[105.4853,22.2979],[105.487,22.2927],[105.4797,22.2884],[105.4709,22.2851],[105.4601,22.2838],[105.4726,22.2741],[105.4623,22.2646],[105.4552,22.2682],[105.4502,22.2646],[105.4442,22.2645],[105.4357,22.2588],[105.4375,22.2529],[105.4382,22.2443],[105.436,22.2395],[105.441,22.2343],[105.4353,22.227],[105.4344,22.2167],[105.4311,22.2163],[105.4343,22.2091],[105.4448,22.1995],[105.4496,22.1915],[105.4557,22.1872],[105.4607,22.1855],[105.4642,22.1811],[105.4615,22.1781],[105.4626,22.1691],[105.4702,22.1604],[105.4762,22.1637],[105.493,22.1582],[105.4928,22.1519],[105.4819,22.1458],[105.4747,22.1372],[105.4764,22.1298],[105.4747,22.126],[105.4712,22.1259],[105.4652,22.1205],[105.4629,22.1143],[105.4636,22.1084],[105.466,22.103],[105.4703,22.103],[105.4736,22.0964],[105.468,22.0881],[105.4696,22.0815],[105.4636,22.0765],[105.4677,22.0728],[105.4696,22.0685],[105.4734,22.0684],[105.4751,22.0582],[105.4875,22.0475],[105.4904,22.0386],[105.4896,22.0299],[105.4927,22.0256],[105.493,22.0179],[105.4951,22.0103],[105.5016,22.0099],[105.5058,22.0077],[105.5053,21.9922],[105.5119,21.9888],[105.512,21.9845],[105.5184,21.9848],[105.5249,21.9815],[105.5316,21.9685],[105.5372,21.9671],[105.5399,21.9644],[105.5519,21.9626],[105.5557,21.9575],[105.5491,21.9478],[105.5515,21.9446],[105.5522,21.9339],[105.5506,21.9308],[105.5507,21.9221],[105.5534,21.9187],[105.5529,21.9085],[105.545,21.904],[105.5468,21.8968],[105.5426,21.8907],[105.5361,21.8904],[105.5332,21.8881],[105.5263,21.8881],[105.5205,21.8843],[105.5184,21.8759],[105.5226,21.87],[105.5286,21.8524],[105.529,21.8455],[105.5278,21.8347],[105.5146,21.8272],[105.5108,21.8327],[105.4968,21.8319],[105.4938,21.8282],[105.4951,21.8174],[105.4932,21.804],[105.4952,21.7969],[105.4979,21.7931],[105.4935,21.7801],[105.4949,21.7742],[105.5003,21.7705],[105.5063,21.7712],[105.5166,21.774],[105.5258,21.7678],[105.5249,21.7648],[105.5176,21.7554],[105.5135,21.7546],[105.509,21.7504],[105.5113,21.7444],[105.5156,21.7408],[105.516,21.7366],[105.5087,21.731],[105.5046,21.7302],[105.4994,21.7222],[105.5003,21.7173],[105.4941,21.716],[105.4903,21.7038],[105.4835,21.7017],[105.4777,21.6976],[105.4878,21.6895],[105.4871,21.6808],[105.4817,21.6787],[105.4793,21.6738],[105.4818,21.6723],[105.4834,21.6601],[105.4883,21.6515],[105.4906,21.6431],[105.4972,21.6391],[105.5002,21.6287],[105.4966,21.6184],[105.5003,21.6143],[105.5056,21.6124],[105.5183,21.5974],[105.5236,21.5895],[105.5267,21.5826],[105.535,21.5817],[105.5425,21.5738]]]},"properties":{"Ma":"10","Cap":1,"STT":30,"TinhThanh":"Thái Nguyên","SapNhap":"Thái Nguyên, Bắc Kạn","SoXa":92,"Loai":"Tỉnh","Dtich_km2":8375.5,"DanSo_ng":1799489,"MD_ngkm2":214.9,"label_lng":105.82548,"label_lat":22.02296}},{"type":"Feature","geometry":{"type":"Polygon","coordinates":[[[104.6386,20.6549],[104.6329,20.6439],[104.6324,20.6352],[104.6274,20.6298],[104.6273,20.6263],[104.6142,20.6214],[104.6095,20.6163],[104.6081,20.6119],[104.6022,20.6057],[104.5982,20.6086],[104.5839,20.61],[104.58,20.6072],[104.5745,20.6065],[104.5624,20.6077],[104.558,20.6062],[104.5543,20.6017],[104.5498,20.6013],[104.5472,20.5983],[104.542,20.5981],[104.5391,20.5895],[104.5351,20.5848],[104.5365,20.5804],[104.5342,20.5757],[104.5309,20.5745],[104.5261,20.5694],[104.5239,20.5617],[104.5278,20.5556],[104.5234,20.5478],[104.5156,20.5492],[104.5115,20.5458],[104.5052,20.5432],[104.5017,20.5448],[104.4965,20.5437],[104.4929,20.5408],[104.4914,20.5358],[104.4842,20.531],[104.4832,20.5242],[104.4766,20.5195],[104.4756,20.517],[104.4586,20.5118],[104.4493,20.5097],[104.4442,20.5067],[104.4376,20.5088],[104.4347,20.5024],[104.429,20.498],[104.425,20.4968],[104.4211,20.4921],[104.4154,20.4894],[104.4057,20.4896],[104.3947,20.4876],[104.3881,20.4882],[104.3874,20.4834],[104.391,20.4793],[104.3895,20.4768],[104.3819,20.4749],[104.3778,20.4718],[104.3746,20.4654],[104.38,20.4578],[104.3814,20.4431],[104.3853,20.443],[104.3916,20.4402],[104.3983,20.4337],[104.4041,20.4312],[104.4111,20.4256],[104.4129,20.422],[104.4085,20.4176],[104.4045,20.411],[104.4045,20.4035],[104.4072,20.3958],[104.4062,20.3928],[104.4101,20.3842],[104.4206,20.3766],[104.4243,20.3787],[104.4295,20.3784],[104.4384,20.3756],[104.4457,20.3773],[104.4466,20.38],[104.4522,20.3782],[104.4532,20.3744],[104.4582,20.3716],[104.4741,20.369],[104.4815,20.3718],[104.4842,20.3747],[104.4912,20.3774],[104.4962,20.3835],[104.5015,20.3835],[104.5117,20.3857],[104.5142,20.3888],[104.5216,20.391],[104.5252,20.3947],[104.5281,20.407],[104.5261,20.4113],[104.5309,20.4141],[104.5357,20.4111],[104.5428,20.4089],[104.5491,20.4096],[104.5565,20.4143],[104.5651,20.417],[104.5744,20.4167],[104.5777,20.415],[104.5848,20.4169],[104.5973,20.417],[104.6086,20.4223],[104.6133,20.4266],[104.6184,20.4369],[104.6189,20.4423],[104.6134,20.4465],[104.622,20.4523],[104.6209,20.4566],[104.6254,20.4616],[104.6355,20.4656],[104.6391,20.466],[104.6467,20.4718],[104.6524,20.4744],[104.6573,20.475],[104.6587,20.4693],[104.6652,20.4712],[104.6711,20.4688],[104.6718,20.4657],[104.665,20.462],[104.6652,20.4536],[104.673,20.4507],[104.683,20.4442],[104.686,20.4435],[104.6894,20.4341],[104.6968,20.4317],[104.7065,20.4152],[104.7126,20.4099],[104.7196,20.4079],[104.7178,20.4029],[104.7128,20.3994],[104.7036,20.3993],[104.6925,20.4013],[104.6841,20.4036],[104.6831,20.3969],[104.6781,20.3967],[104.6755,20.3927],[104.6703,20.3898],[104.6661,20.3896],[104.6635,20.3848],[104.6597,20.3853],[104.6549,20.3804],[104.6504,20.3809],[104.6499,20.3769],[104.6446,20.3738],[104.64,20.3737],[104.6367,20.371],[104.6301,20.3694],[104.6277,20.3671],[104.6224,20.3667],[104.6184,20.3631],[104.6154,20.3547],[104.6155,20.3475],[104.6199,20.3453],[104.6215,20.3403],[104.6184,20.3343],[104.6187,20.3263],[104.6209,20.3207],[104.6183,20.3171],[104.6155,20.3078],[104.6203,20.3011],[104.6224,20.2953],[104.6175,20.2929],[104.6157,20.282],[104.611,20.2756],[104.6117,20.2646],[104.6096,20.256],[104.6118,20.254],[104.6127,20.245],[104.6199,20.2381],[104.6271,20.2336],[104.6299,20.2299],[104.6335,20.2289],[104.6401,20.2336],[104.6445,20.235],[104.6541,20.2329],[104.662,20.2328],[104.6669,20.2279],[104.6689,20.2181],[104.6733,20.2161],[104.6824,20.2163],[104.6864,20.218],[104.7017,20.2124],[104.7058,20.2075],[104.71,20.2055],[104.7141,20.2062],[104.7184,20.202],[104.725,20.2009],[104.733,20.2027],[104.7403,20.2001],[104.7504,20.1988],[104.7572,20.2007],[104.7645,20.1988],[104.7672,20.2004],[104.7731,20.1987],[104.7779,20.1946],[104.7862,20.1928],[104.7905,20.1886],[104.7944,20.1875],[104.7967,20.1835],[104.8059,20.1785],[104.8144,20.1724],[104.8198,20.1707],[104.8226,20.1652],[104.8226,20.1611],[104.8296,20.1562],[104.8352,20.1563],[104.8417,20.1493],[104.8541,20.1482],[104.8598,20.1429],[104.8705,20.143],[104.8757,20.1452],[104.8788,20.1433],[104.8856,20.1463],[104.897,20.1473],[104.9085,20.1505],[104.9127,20.154],[104.9193,20.1547],[104.9274,20.1582],[104.9296,20.1515],[104.9289,20.1478],[104.923,20.1458],[104.9224,20.1411],[104.9264,20.135],[104.933,20.1291],[104.9345,20.1262],[104.9454,20.1212],[104.9478,20.1216],[104.9532,20.1147],[104.9605,20.1116],[104.9605,20.1047],[104.9653,20.099],[104.9838,20.0961],[104.9919,20.0941],[104.98,20.0837],[104.9812,20.0805],[104.9756,20.0778],[104.9725,20.0668],[104.9736,20.0633],[104.9712,20.0605],[104.9662,20.0585],[104.9622,20.0519],[104.9564,20.0479],[104.9484,20.0466],[104.9472,20.0437],[104.9347,20.0358],[104.9266,20.0254],[104.9235,20.019],[104.9175,20.0145],[104.92,20.0093],[104.9167,20.007],[104.9163,20.0034],[104.9112,20.0015],[104.9117,20],[106.0352,20],[106.0389,20.0012],[106.0454,20.001],[106.0504,20.0029],[106.0543,20.0068],[106.0613,20.0182],[106.0662,20.0332],[106.0661,20.0373],[106.0735,20.0513],[106.0759,20.0628],[106.0718,20.0666],[106.0395,20.0618],[106.0355,20.0598],[106.0322,20.0608],[106.0233,20.059],[106.0175,20.0601],[106.0136,20.0649],[106.0083,20.0663],[105.9998,20.0668],[105.9926,20.0687],[105.9827,20.0683],[105.9749,20.0661],[105.9624,20.0659],[105.9586,20.0671],[105.9521,20.0741],[105.947,20.0746],[105.9415,20.0823],[105.9301,20.0906],[105.9249,20.1008],[105.9171,20.1057],[105.9113,20.1048],[105.9075,20.1068],[105.8961,20.1174],[105.8917,20.1196],[105.8847,20.1195],[105.8783,20.1235],[105.8753,20.1225],[105.8685,20.125],[105.8602,20.1335],[105.8527,20.1384],[105.8442,20.1421],[105.8349,20.1435],[105.8316,20.1511],[105.8183,20.1535],[105.8158,20.1558],[105.8082,20.1583],[105.8063,20.1613],[105.8014,20.1633],[105.7934,20.17],[105.7853,20.1703],[105.7771,20.172],[105.7736,20.1769],[105.7707,20.1762],[105.7583,20.1789],[105.7408,20.1852],[105.7423,20.1874],[105.7377,20.194],[105.7327,20.195],[105.7307,20.1993],[105.7257,20.2011],[105.7161,20.2083],[105.7051,20.2144],[105.7009,20.218],[105.693,20.2213],[105.6958,20.2252],[105.6939,20.2309],[105.6897,20.2316],[105.6828,20.2353],[105.6788,20.2419],[105.6791,20.2466],[105.6717,20.2474],[105.669,20.2506],[105.6703,20.2538],[105.6496,20.274],[105.6408,20.2778],[105.6354,20.2776],[105.6208,20.2819],[105.6128,20.2891],[105.6088,20.2987],[105.6038,20.3081],[105.5998,20.3119],[105.5938,20.314],[105.5864,20.3118],[105.5791,20.3119],[105.5708,20.3183],[105.566,20.3159],[105.5627,20.3182],[105.565,20.3246],[105.5578,20.3295],[105.5526,20.3288],[105.5486,20.3348],[105.55,20.3385],[105.5497,20.347],[105.5454,20.3518],[105.5427,20.3621],[105.539,20.3692],[105.5298,20.3717],[105.5245,20.3674],[105.5243,20.3633],[105.5212,20.3598],[105.5038,20.3604],[105.5004,20.3613],[105.4846,20.37],[105.4766,20.3752],[105.4606,20.3752],[105.4556,20.3782],[105.4461,20.3805],[105.4367,20.3844],[105.4305,20.3825],[105.4271,20.3833],[105.4215,20.3781],[105.4134,20.3744],[105.4062,20.3726],[105.4002,20.3754],[105.386,20.3785],[105.3789,20.3834],[105.3692,20.3852],[105.3672,20.3887],[105.3561,20.392],[105.3532,20.3894],[105.3456,20.3907],[105.3424,20.3965],[105.3366,20.3989],[105.3313,20.4026],[105.3223,20.4054],[105.3177,20.408],[105.3073,20.4165],[105.3028,20.4212],[105.301,20.4163],[105.2968,20.4163],[105.2905,20.4188],[105.2806,20.4256],[105.2767,20.4314],[105.2698,20.4288],[105.2618,20.4318],[105.2609,20.4368],[105.2643,20.4447],[105.2672,20.455],[105.2636,20.4589],[105.2621,20.4654],[105.2443,20.4737],[105.2396,20.4795],[105.2446,20.488],[105.2402,20.4933],[105.2359,20.4939],[105.2305,20.4973],[105.2312,20.5032],[105.2235,20.505],[105.2157,20.5089],[105.2127,20.5131],[105.2013,20.5184],[105.1906,20.517],[105.1849,20.5211],[105.1783,20.5164],[105.1718,20.5146],[105.1633,20.5229],[105.1617,20.5351],[105.1559,20.5385],[105.1531,20.5431],[105.1494,20.5443],[105.1413,20.5439],[105.1365,20.5507],[105.1303,20.5567],[105.1195,20.5624],[105.1141,20.5623],[105.1077,20.5676],[105.1059,20.5734],[105.0936,20.5669],[105.0916,20.5712],[105.0843,20.5771],[105.0786,20.5782],[105.071,20.5747],[105.0633,20.5743],[105.0544,20.5704],[105.0533,20.5618],[105.0458,20.5566],[105.0423,20.5598],[105.0328,20.5588],[105.0307,20.5602],[105.0239,20.559],[105.0153,20.5662],[105.0097,20.5721],[105.0036,20.575],[104.9983,20.5759],[104.9862,20.5756],[104.9818,20.5736],[104.98,20.5761],[104.9845,20.5844],[104.9853,20.5892],[104.9817,20.5937],[104.9754,20.5953],[104.9706,20.6033],[104.9633,20.6082],[104.9607,20.6175],[104.9629,20.6219],[104.9609,20.6272],[104.948,20.6442],[104.9319,20.6489],[104.9234,20.655],[104.9178,20.6604],[104.8979,20.6706],[104.8844,20.6682],[104.8789,20.6646],[104.8722,20.6627],[104.8593,20.6614],[104.853,20.6636],[104.8491,20.6547],[104.8466,20.6521],[104.8395,20.6491],[104.8349,20.6448],[104.8293,20.6434],[104.8267,20.641],[104.82,20.6394],[104.8127,20.6299],[104.8071,20.6309],[104.807,20.6252],[104.8001,20.6187],[104.7974,20.6193],[104.7967,20.6118],[104.8003,20.6049],[104.7985,20.5994],[104.801,20.5927],[104.8007,20.5849],[104.7957,20.5827],[104.7817,20.5839],[104.7788,20.5801],[104.7801,20.5763],[104.7705,20.5755],[104.7675,20.5782],[104.7648,20.5842],[104.7609,20.585],[104.7537,20.578],[104.7409,20.5751],[104.7369,20.5802],[104.7276,20.589],[104.7225,20.5976],[104.7231,20.604],[104.7159,20.6062],[104.7082,20.6038],[104.6991,20.6036],[104.6958,20.6049],[104.6944,20.5989],[104.685,20.5967],[104.6862,20.6009],[104.6852,20.611],[104.6775,20.6191],[104.6682,20.6247],[104.6624,20.6246],[104.6622,20.6285],[104.656,20.6375],[104.6489,20.6418],[104.6456,20.6478],[104.6386,20.6549]]]},"properties":{"Ma":"16","Cap":1,"STT":31,"TinhThanh":"Thanh Hóa","SapNhap":"Thanh Hóa","SoXa":166,"Loai":"Tỉnh","Dtich_km2":11114.6,"DanSo_ng":4320947,"MD_ngkm2":388.8,"label_lng":105.14803,"label_lat":20.27844}},{"type":"Feature","geometry":{"type":"Polygon","coordinates":[[[105.0861,21.7182],[105.0921,21.7198],[105.0987,21.7174],[105.1019,21.7178],[105.1064,21.7121],[105.1092,21.7061],[105.1237,21.7046],[105.1272,21.703],[105.132,21.6973],[105.1505,21.6993],[105.1508,21.692],[105.1566,21.6859],[105.1615,21.686],[105.1664,21.6886],[105.1714,21.6865],[105.1778,21.6872],[105.1805,21.6803],[105.185,21.6773],[105.1919,21.677],[105.1962,21.6685],[105.2085,21.6611],[105.2164,21.6623],[105.2221,21.6601],[105.23,21.66],[105.235,21.6585],[105.2382,21.6479],[105.2379,21.6433],[105.2328,21.6362],[105.2248,21.6301],[105.2277,21.6245],[105.233,21.6177],[105.247,21.616],[105.2514,21.6048],[105.2447,21.6001],[105.247,21.5954],[105.2485,21.5854],[105.2563,21.5747],[105.2732,21.5619],[105.2747,21.5579],[105.2676,21.5499],[105.2672,21.5473],[105.271,21.5432],[105.2809,21.5422],[105.29,21.5393],[105.2961,21.5347],[105.2977,21.531],[105.295,21.5237],[105.2951,21.5197],[105.2981,21.5121],[105.3023,21.5086],[105.3062,21.5086],[105.3143,21.5125],[105.3202,21.513],[105.3252,21.5073],[105.3325,21.5046],[105.3371,21.5044],[105.3381,21.5121],[105.3436,21.5151],[105.3438,21.5179],[105.3487,21.5194],[105.3542,21.5181],[105.3618,21.5196],[105.3638,21.5223],[105.3699,21.5246],[105.3809,21.5228],[105.3873,21.5188],[105.389,21.5121],[105.397,21.5104],[105.4014,21.5137],[105.4061,21.5119],[105.411,21.5129],[105.4185,21.5081],[105.4195,21.5035],[105.4237,21.4984],[105.4275,21.5041],[105.4403,21.5099],[105.4445,21.509],[105.4561,21.5114],[105.4572,21.5174],[105.4634,21.5163],[105.4725,21.5199],[105.4734,21.5237],[105.4848,21.5178],[105.4909,21.5204],[105.4937,21.5284],[105.4974,21.5252],[105.505,21.5282],[105.5057,21.5309],[105.5139,21.5366],[105.5188,21.534],[105.5229,21.5376],[105.525,21.5447],[105.5275,21.5471],[105.5298,21.5568],[105.5375,21.565],[105.5395,21.5705],[105.5425,21.5738],[105.535,21.5817],[105.5267,21.5826],[105.5236,21.5895],[105.5183,21.5974],[105.5056,21.6124],[105.5003,21.6143],[105.4966,21.6184],[105.5002,21.6287],[105.4972,21.6391],[105.4906,21.6431],[105.4883,21.6515],[105.4834,21.6601],[105.4818,21.6723],[105.4793,21.6738],[105.4817,21.6787],[105.4871,21.6808],[105.4878,21.6895],[105.4777,21.6976],[105.4835,21.7017],[105.4903,21.7038],[105.4941,21.716],[105.5003,21.7173],[105.4994,21.7222],[105.5046,21.7302],[105.5087,21.731],[105.516,21.7366],[105.5156,21.7408],[105.5113,21.7444],[105.509,21.7504],[105.5135,21.7546],[105.5176,21.7554],[105.5249,21.7648],[105.5258,21.7678],[105.5166,21.774],[105.5063,21.7712],[105.5003,21.7705],[105.4949,21.7742],[105.4935,21.7801],[105.4979,21.7931],[105.4952,21.7969],[105.4932,21.804],[105.4951,21.8174],[105.4938,21.8282],[105.4968,21.8319],[105.5108,21.8327],[105.5146,21.8272],[105.5278,21.8347],[105.529,21.8455],[105.5286,21.8524],[105.5226,21.87],[105.5184,21.8759],[105.5205,21.8843],[105.5263,21.8881],[105.5332,21.8881],[105.5361,21.8904],[105.5426,21.8907],[105.5468,21.8968],[105.545,21.904],[105.5529,21.9085],[105.5534,21.9187],[105.5507,21.9221],[105.5506,21.9308],[105.5522,21.9339],[105.5515,21.9446],[105.5491,21.9478],[105.5557,21.9575],[105.5519,21.9626],[105.5399,21.9644],[105.5372,21.9671],[105.5316,21.9685],[105.5249,21.9815],[105.5184,21.9848],[105.512,21.9845],[105.5119,21.9888],[105.5053,21.9922],[105.5058,22.0077],[105.5016,22.0099],[105.4951,22.0103],[105.493,22.0179],[105.4927,22.0256],[105.4896,22.0299],[105.4904,22.0386],[105.4875,22.0475],[105.4751,22.0582],[105.4734,22.0684],[105.4696,22.0685],[105.4677,22.0728],[105.4636,22.0765],[105.4696,22.0815],[105.468,22.0881],[105.4736,22.0964],[105.4703,22.103],[105.466,22.103],[105.4636,22.1084],[105.4629,22.1143],[105.4652,22.1205],[105.4712,22.1259],[105.4747,22.126],[105.4764,22.1298],[105.4747,22.1372],[105.4819,22.1458],[105.4928,22.1519],[105.493,22.1582],[105.4762,22.1637],[105.4702,22.1604],[105.4626,22.1691],[105.4615,22.1781],[105.4642,22.1811],[105.4607,22.1855],[105.4557,22.1872],[105.4496,22.1915],[105.4448,22.1995],[105.4343,22.2091],[105.4311,22.2163],[105.4344,22.2167],[105.4353,22.227],[105.441,22.2343],[105.436,22.2395],[105.4382,22.2443],[105.4375,22.2529],[105.4357,22.2588],[105.4442,22.2645],[105.4502,22.2646],[105.4552,22.2682],[105.4623,22.2646],[105.4726,22.2741],[105.4601,22.2838],[105.4709,22.2851],[105.4797,22.2884],[105.487,22.2927],[105.4853,22.2979],[105.4796,22.3041],[105.4787,22.3076],[105.4814,22.3154],[105.487,22.3191],[105.4922,22.3182],[105.4967,22.3225],[105.4982,22.3332],[105.496,22.3408],[105.5052,22.3462],[105.5105,22.3459],[105.5137,22.3479],[105.5132,22.3565],[105.5157,22.3595],[105.5169,22.3679],[105.5141,22.3711],[105.5137,22.3768],[105.5164,22.385],[105.5193,22.3872],[105.5197,22.3961],[105.5183,22.3997],[105.5224,22.4039],[105.5318,22.4043],[105.536,22.4077],[105.5431,22.4053],[105.5499,22.4045],[105.5566,22.4021],[105.5609,22.4029],[105.5643,22.4066],[105.566,22.412],[105.5584,22.4101],[105.5532,22.4119],[105.551,22.4164],[105.5508,22.4221],[105.555,22.4287],[105.5522,22.4313],[105.549,22.4378],[105.5549,22.4383],[105.5562,22.4472],[105.5593,22.4504],[105.558,22.4539],[105.56,22.463],[105.5637,22.4634],[105.5685,22.4701],[105.5803,22.4789],[105.5833,22.4795],[105.5893,22.4849],[105.5983,22.489],[105.5945,22.493],[105.5939,22.5002],[105.5962,22.5033],[105.5917,22.5081],[105.5945,22.5151],[105.5977,22.5173],[105.5985,22.5227],[105.5952,22.5257],[105.5944,22.5342],[105.5918,22.538],[105.5912,22.5435],[105.5854,22.5524],[105.5828,22.5534],[105.578,22.5591],[105.5713,22.5621],[105.5633,22.5602],[105.5635,22.5651],[105.5578,22.5738],[105.5518,22.576],[105.5464,22.5896],[105.549,22.5993],[105.5403,22.607],[105.5382,22.6111],[105.5331,22.6155],[105.5299,22.621],[105.5297,22.6281],[105.5316,22.6332],[105.5243,22.634],[105.5141,22.6366],[105.5066,22.6341],[105.4988,22.6337],[105.4937,22.645],[105.4947,22.6532],[105.4978,22.6555],[105.4939,22.6665],[105.4885,22.6711],[105.4888,22.677],[105.4931,22.6825],[105.4958,22.6891],[105.5014,22.6938],[105.5011,22.7006],[105.4948,22.7038],[105.4923,22.7071],[105.4817,22.7094],[105.4805,22.7135],[105.4762,22.7196],[105.4752,22.7282],[105.4787,22.7386],[105.469,22.7504],[105.4697,22.7559],[105.464,22.7552],[105.4611,22.7572],[105.4554,22.7573],[105.45,22.759],[105.447,22.7685],[105.4419,22.7733],[105.4304,22.7765],[105.4249,22.776],[105.4216,22.7809],[105.4232,22.7848],[105.4159,22.7854],[105.41,22.7893],[105.4081,22.7929],[105.404,22.7951],[105.3992,22.7949],[105.3948,22.7986],[105.3944,22.8017],[105.3873,22.8098],[105.3821,22.8123],[105.374,22.8116],[105.3693,22.8124],[105.3588,22.8167],[105.3481,22.8135],[105.3439,22.8213],[105.344,22.8265],[105.3391,22.8291],[105.3291,22.8323],[105.3265,22.8347],[105.3244,22.844],[105.319,22.8456],[105.3157,22.8485],[105.3085,22.8496],[105.3009,22.8561],[105.2828,22.8559],[105.2785,22.858],[105.2732,22.8646],[105.2665,22.8661],[105.2687,22.878],[105.2741,22.879],[105.2822,22.8774],[105.2845,22.8788],[105.2916,22.8765],[105.3004,22.8754],[105.3044,22.8765],[105.3036,22.8836],[105.3067,22.8892],[105.3048,22.9003],[105.308,22.9083],[105.3072,22.912],[105.3125,22.9156],[105.321,22.9153],[105.3258,22.9219],[105.3294,22.9234],[105.3328,22.9286],[105.3329,22.9342],[105.3456,22.9332],[105.353,22.9363],[105.3575,22.9361],[105.3621,22.9401],[105.3634,22.9449],[105.3622,22.9484],[105.3643,22.9517],[105.3615,22.9573],[105.3644,22.9642],[105.3606,22.9717],[105.3615,22.9793],[105.3697,22.9841],[105.3752,22.9902],[105.3861,22.99],[105.3913,22.9924],[105.3998,22.9917],[105.407,22.9954],[105.4131,22.9952],[105.4191,23.0017],[105.4275,22.9989],[105.4334,23.0024],[105.4414,23.0038],[105.4468,22.9992],[105.4588,23.0049],[105.4624,23.0031],[105.4663,23.0067],[105.4739,23.0068],[105.4876,23.0093],[105.4919,23.018],[105.4924,23.0272],[105.4949,23.0303],[105.4977,23.0392],[105.504,23.0422],[105.5041,23.0478],[105.5087,23.0529],[105.5087,23.0611],[105.5129,23.0663],[105.5142,23.0703],[105.5198,23.0746],[105.5202,23.0794],[105.5172,23.084],[105.5232,23.097],[105.5234,23.1004],[105.5271,23.1078],[105.5313,23.1115],[105.5392,23.1093],[105.5462,23.1096],[105.5525,23.1114],[105.5582,23.1182],[105.5646,23.1192],[105.5625,23.1255],[105.5596,23.1283],[105.5654,23.1332],[105.5664,23.1361],[105.5637,23.1437],[105.5721,23.1487],[105.5741,23.16],[105.5608,23.1684],[105.5571,23.1751],[105.5557,23.1829],[105.5532,23.1874],[105.5483,23.1887],[105.5424,23.1941],[105.5268,23.1886],[105.5239,23.1897],[105.5171,23.1966],[105.5122,23.1962],[105.506,23.2002],[105.4982,23.203],[105.4979,23.2099],[105.4949,23.2173],[105.4915,23.2209],[105.4913,23.2262],[105.493,23.2323],[105.487,23.2343],[105.4837,23.2427],[105.473,23.2512],[105.4649,23.2648],[105.459,23.2718],[105.4505,23.2786],[105.4464,23.2863],[105.4466,23.2922],[105.4391,23.3009],[105.4298,23.3031],[105.4264,23.2965],[105.4295,23.2917],[105.4206,23.285],[105.412,23.2873],[105.406,23.2934],[105.402,23.2957],[105.3861,23.3144],[105.3832,23.3108],[105.3711,23.319],[105.3684,23.3249],[105.3595,23.3356],[105.3555,23.3392],[105.3514,23.3455],[105.3505,23.3535],[105.3515,23.3592],[105.3507,23.365],[105.348,23.3696],[105.3383,23.3767],[105.3308,23.3832],[105.3256,23.3918],[105.3221,23.3924],[105.3115,23.3821],[105.3082,23.3818],[105.2991,23.3699],[105.2928,23.3606],[105.2883,23.3593],[105.2877,23.3526],[105.2834,23.342],[105.2733,23.3399],[105.2674,23.3425],[105.2611,23.3433],[105.2566,23.3423],[105.2499,23.332],[105.2553,23.3261],[105.2553,23.3218],[105.2587,23.3197],[105.2567,23.3124],[105.2504,23.3096],[105.2507,23.2994],[105.2476,23.2916],[105.2357,23.2876],[105.2387,23.2724],[105.2363,23.2675],[105.2374,23.2649],[105.2324,23.2608],[105.2266,23.2607],[105.2245,23.2674],[105.2211,23.2709],[105.2137,23.2673],[105.2081,23.2721],[105.2037,23.2715],[105.1982,23.275],[105.1984,23.2787],[105.1954,23.2815],[105.1896,23.2804],[105.1847,23.2774],[105.1785,23.288],[105.1706,23.2892],[105.1674,23.2787],[105.1652,23.2782],[105.1607,23.2718],[105.1579,23.2713],[105.1559,23.2668],[105.1497,23.2653],[105.1443,23.2612],[105.1401,23.2612],[105.1351,23.2561],[105.1253,23.2568],[105.1246,23.2531],[105.1112,23.2463],[105.1075,23.2456],[105.1019,23.2524],[105.1016,23.2572],[105.0983,23.2579],[105.0915,23.264],[105.0879,23.2631],[105.0831,23.2669],[105.0794,23.2662],[105.0708,23.2607],[105.0699,23.2578],[105.0594,23.2547],[105.0581,23.2485],[105.0509,23.2481],[105.0469,23.2435],[105.0459,23.2396],[105.0417,23.2339],[105.0352,23.2322],[105.0244,23.2189],[105.0094,23.2161],[105.0047,23.2171],[104.9989,23.2136],[104.9974,23.203],[104.9896,23.2023],[104.9869,23.2006],[104.9799,23.206],[104.9771,23.204],[104.9692,23.2022],[104.9624,23.199],[104.9568,23.1924],[104.958,23.1884],[104.956,23.1806],[104.95,23.1714],[104.9477,23.1664],[104.9515,23.1632],[104.95,23.1545],[104.9473,23.1508],[104.9326,23.1575],[104.9279,23.1566],[104.9241,23.1603],[104.9266,23.165],[104.9224,23.1666],[104.9225,23.17],[104.9175,23.1708],[104.9172,23.176],[104.9085,23.1808],[104.9015,23.1788],[104.8964,23.1794],[104.8888,23.1739],[104.8874,23.1696],[104.8815,23.1653],[104.8833,23.1563],[104.8796,23.1498],[104.882,23.1443],[104.8774,23.1354],[104.8786,23.1297],[104.8757,23.1256],[104.8609,23.1248],[104.8569,23.1288],[104.8544,23.123],[104.8486,23.1218],[104.8394,23.1149],[104.8308,23.1154],[104.8266,23.108],[104.8235,23.1088],[104.8218,23.1174],[104.8033,23.1173],[104.8012,23.1151],[104.8021,23.1074],[104.8042,23.1008],[104.8066,23.0841],[104.8089,23.0802],[104.8156,23.0794],[104.8171,23.0747],[104.8119,23.0705],[104.8154,23.066],[104.8135,23.0582],[104.8204,23.0551],[104.8213,23.0502],[104.8199,23.0383],[104.8212,23.0334],[104.824,23.0326],[104.828,23.0264],[104.8286,23.0189],[104.8302,23.0162],[104.8299,23.008],[104.8311,23.0036],[104.8303,22.9977],[104.836,22.9976],[104.8388,22.9908],[104.8362,22.9864],[104.8407,22.9841],[104.8431,22.9855],[104.8483,22.9799],[104.8529,22.9776],[104.8609,22.9784],[104.8625,22.9749],[104.8605,22.9686],[104.8657,22.9624],[104.8654,22.9554],[104.8636,22.9504],[104.8641,22.9448],[104.8621,22.9428],[104.85,22.937],[104.8451,22.9328],[104.8385,22.9221],[104.8306,22.9246],[104.8198,22.9233],[104.8153,22.9204],[104.8102,22.9196],[104.8074,22.9151],[104.8008,22.9111],[104.7966,22.9112],[104.7916,22.9053],[104.7777,22.9052],[104.7708,22.8954],[104.7706,22.8902],[104.7654,22.8858],[104.7642,22.8728],[104.7566,22.8589],[104.7529,22.8569],[104.7383,22.8589],[104.7324,22.8568],[104.726,22.8479],[104.7316,22.8434],[104.7326,22.8366],[104.7358,22.8304],[104.7323,22.8229],[104.724,22.8201],[104.717,22.8225],[104.7118,22.8225],[104.7029,22.8266],[104.6854,22.8212],[104.6803,22.818],[104.6769,22.8196],[104.673,22.8174],[104.6647,22.8273],[104.6596,22.8296],[104.656,22.8338],[104.6513,22.8353],[104.6407,22.8362],[104.6384,22.8339],[104.6306,22.8358],[104.6271,22.8403],[104.6245,22.8463],[104.6197,22.8428],[104.6181,22.8388],[104.6223,22.8309],[104.6216,22.8262],[104.6139,22.8166],[104.6107,22.8183],[104.5975,22.817],[104.5978,22.8238],[104.6037,22.8266],[104.6047,22.8313],[104.5992,22.839],[104.5982,22.8467],[104.5922,22.8508],[104.5775,22.8537],[104.5711,22.8483],[104.5701,22.8442],[104.5587,22.8416],[104.5543,22.8424],[104.5457,22.8376],[104.55,22.8339],[104.5413,22.8261],[104.5376,22.8273],[104.5334,22.8211],[104.5306,22.8207],[104.5238,22.8108],[104.5235,22.8057],[104.52,22.8046],[104.5193,22.798],[104.5167,22.7961],[104.5137,22.7898],[104.5023,22.7876],[104.4968,22.7785],[104.4931,22.779],[104.4904,22.7753],[104.4817,22.7673],[104.4738,22.7612],[104.4715,22.7579],[104.4579,22.7529],[104.4542,22.7497],[104.4417,22.7449],[104.4378,22.7445],[104.4226,22.7374],[104.413,22.7273],[104.4079,22.7241],[104.4063,22.7168],[104.4034,22.7138],[104.3992,22.702],[104.3888,22.7044],[104.3841,22.702],[104.379,22.6953],[104.3778,22.6912],[104.3714,22.6882],[104.3664,22.6895],[104.3646,22.6923],[104.3524,22.6924],[104.3473,22.7044],[104.344,22.7067],[104.3419,22.7114],[104.3413,22.704],[104.3357,22.6962],[104.3346,22.6901],[104.3406,22.6868],[104.3448,22.682],[104.3523,22.6766],[104.3601,22.6731],[104.3657,22.6728],[104.3733,22.6754],[104.3824,22.6772],[104.3856,22.6798],[104.391,22.679],[104.3984,22.6805],[104.4067,22.6671],[104.4106,22.658],[104.4059,22.6541],[104.41,22.6491],[104.412,22.6388],[104.4155,22.6346],[104.4293,22.6234],[104.4396,22.6183],[104.4622,22.6132],[104.459,22.6046],[104.4637,22.5984],[104.4625,22.5949],[104.4647,22.5794],[104.4663,22.5752],[104.4598,22.5725],[104.4541,22.5726],[104.4504,22.5753],[104.4429,22.5765],[104.4303,22.5752],[104.425,22.5736],[104.4247,22.5645],[104.421,22.5587],[104.4236,22.5519],[104.4199,22.5421],[104.4155,22.5365],[104.4145,22.5289],[104.4177,22.5253],[104.434,22.5229],[104.439,22.513],[104.4411,22.5064],[104.4454,22.5041],[104.4544,22.495],[104.4575,22.4952],[104.4618,22.4918],[104.471,22.4889],[104.4739,22.4836],[104.464,22.4763],[104.4636,22.472],[104.4595,22.4693],[104.456,22.4643],[104.4505,22.4625],[104.4485,22.4548],[104.4502,22.4477],[104.4582,22.4366],[104.4614,22.4359],[104.4645,22.4308],[104.4662,22.425],[104.4789,22.4205],[104.4909,22.4197],[104.491,22.4122],[104.4971,22.4049],[104.5085,22.4039],[104.5143,22.3983],[104.5212,22.3958],[104.53,22.389],[104.5364,22.3872],[104.5389,22.3847],[104.5502,22.3803],[104.5541,22.3732],[104.5467,22.3621],[104.5478,22.3594],[104.5533,22.3547],[104.5573,22.3531],[104.5693,22.3554],[104.5756,22.3534],[104.5803,22.3495],[104.5811,22.346],[104.5744,22.3421],[104.5648,22.3313],[104.5717,22.3257],[104.5729,22.3213],[104.5786,22.3158],[104.5801,22.3062],[104.5776,22.3016],[104.569,22.297],[104.5656,22.2894],[104.5583,22.2839],[104.5521,22.2843],[104.5428,22.277],[104.5466,22.27],[104.5492,22.2564],[104.5482,22.2528],[104.5508,22.2434],[104.5529,22.2417],[104.567,22.2446],[104.5741,22.2452],[104.5789,22.252],[104.5855,22.251],[104.5868,22.254],[104.5858,22.2638],[104.5897,22.2693],[104.5931,22.271],[104.5964,22.2766],[104.601,22.2814],[104.6032,22.287],[104.6073,22.2913],[104.6141,22.2913],[104.6167,22.2875],[104.6243,22.288],[104.6295,22.2868],[104.6388,22.2784],[104.6421,22.2768],[104.6454,22.28],[104.6505,22.2804],[104.659,22.274],[104.6653,22.2739],[104.6701,22.2768],[104.6762,22.2686],[104.6768,22.2648],[104.6864,22.2614],[104.6925,22.2631],[104.7044,22.264],[104.7084,22.261],[104.7165,22.2612],[104.7223,22.2575],[104.7237,22.2461],[104.7259,22.2456],[104.7297,22.2345],[104.7284,22.2293],[104.7298,22.2255],[104.7213,22.2167],[104.7205,22.2144],[104.7241,22.2083],[104.7232,22.2052],[104.7254,22.198],[104.7344,22.1953],[104.738,22.1931],[104.7399,22.1869],[104.7466,22.1869],[104.7554,22.1846],[104.7572,22.1814],[104.7566,22.1732],[104.7615,22.1726],[104.7626,22.1699],[104.7711,22.1684],[104.7751,22.1661],[104.7802,22.1662],[104.7798,22.1709],[104.7834,22.1725],[104.7944,22.1725],[104.7997,22.1701],[104.8029,22.1717],[104.813,22.1728],[104.8175,22.1782],[104.8202,22.1849],[104.8269,22.1816],[104.8298,22.1775],[104.8348,22.1805],[104.8394,22.1798],[104.8461,22.185],[104.849,22.1805],[104.8528,22.1714],[104.8555,22.1702],[104.854,22.164],[104.854,22.1573],[104.8587,22.1531],[104.8623,22.1474],[104.8636,22.1417],[104.8599,22.1356],[104.8619,22.1322],[104.8597,22.1289],[104.8606,22.1221],[104.8633,22.118],[104.8656,22.1066],[104.8649,22.0965],[104.8717,22.0914],[104.8711,22.0866],[104.8735,22.0809],[104.8871,22.071],[104.8919,22.0726],[104.8965,22.0712],[104.903,22.0638],[104.908,22.0631],[104.9128,22.0653],[104.9181,22.0587],[104.9208,22.0604],[104.9286,22.0615],[104.9352,22.0583],[104.9416,22.0523],[104.9406,22.0442],[104.9465,22.0356],[104.9501,22.0343],[104.956,22.035],[104.9619,22.0293],[104.9676,22.0313],[104.9719,22.0402],[104.9837,22.0423],[104.9907,22.0452],[104.9968,22.044],[104.9937,22.032],[104.9947,22.0277],[104.9926,22.0182],[104.9964,22.0154],[104.9897,22.003],[104.9943,21.9938],[104.9997,21.9886],[104.9977,21.9824],[104.9924,21.9709],[104.9946,21.9675],[104.9953,21.9618],[104.9933,21.9542],[104.9873,21.9429],[104.9865,21.9364],[104.9897,21.9312],[104.9992,21.9291],[105.0026,21.9331],[105.0105,21.9372],[105.0192,21.9357],[105.0188,21.9292],[105.0229,21.9243],[105.0221,21.9172],[105.0185,21.9108],[105.0143,21.9072],[105.0154,21.9026],[105.0136,21.9],[105.0185,21.8941],[105.0223,21.8945],[105.0258,21.8918],[105.031,21.8925],[105.037,21.8913],[105.0376,21.888],[105.0413,21.8857],[105.0426,21.8778],[105.0412,21.8737],[105.0458,21.8639],[105.0523,21.8589],[105.0584,21.8584],[105.0615,21.8499],[105.0671,21.8417],[105.0772,21.8302],[105.0889,21.8282],[105.0923,21.8216],[105.098,21.8177],[105.1003,21.812],[105.0964,21.8113],[105.0889,21.8073],[105.0854,21.8015],[105.0827,21.7916],[105.0798,21.7864],[105.0774,21.7863],[105.0717,21.7812],[105.0727,21.7782],[105.0809,21.7707],[105.0762,21.7641],[105.0748,21.7585],[105.0673,21.7509],[105.0613,21.7488],[105.0606,21.7442],[105.0664,21.743],[105.0678,21.7401],[105.0761,21.7357],[105.0765,21.7322],[105.0738,21.7281],[105.078,21.722],[105.0843,21.7231],[105.0861,21.7182]]]},"properties":{"Ma":"08","Cap":1,"STT":33,"TinhThanh":"Tuyên Quang","SapNhap":"Tuyên Quang, Hà Giang","SoXa":124,"Loai":"Tỉnh","Dtich_km2":13796,"DanSo_ng":1865270,"MD_ngkm2":135.2,"label_lng":105.10096,"label_lat":22.48864}}]}